generated_pid,generated_species,bin_index,p_low_gev,p_high_gev,upper_edge_inclusive,n,observed_mean,sampled_mean,absolute_mean_difference,observed_std,sampled_std,std_ratio,observed_q05,sampled_q05,observed_median,sampled_median,observed_q95,sampled_q95,wasserstein_1d,observed_in_training_domain_fraction,sampled_in_training_domain_fraction
-211,pi-,0,0.0,1.0,False,1551,0.8939560668883145,0.8931073021761253,0.0008487647121891984,0.1353076781069782,0.13985809033639818,1.0336301109669646,0.5878106464554502,0.6004714600559222,0.9721636801818725,0.9726444067335848,0.9923664930058536,0.9941820182614571,0.012663662378704046,1.0,0.9987105093488072
-211,pi-,1,1.0,2.0,False,5686,0.954754126259754,0.947524596633743,0.007229529626010978,0.10001810946769915,0.10447395987215939,1.0445504361977493,0.7275421514196858,0.6946908132300955,0.9930073912460624,0.9919028693112529,1.0012979213687931,1.003705656899804,0.011938928267064356,1.0,0.9992965177629265
-211,pi-,2,2.0,3.0,False,6562,0.9569731018205924,0.9581749338704885,0.001201832049896101,0.0987156682484703,0.09558527564456429,0.9682887969108741,0.7255686222309434,0.7295486386150304,0.9960406119512624,0.9957097939972435,1.0041626269732038,1.0058519959027115,0.004883506609683327,1.0,0.9995428223102713
-211,pi-,3,3.0,4.0,False,6996,0.9624650208060755,0.965842842456634,0.0033778216505584435,0.09642820168659579,0.08766370586683934,0.9091085837290402,0.7578651292926125,0.7552066736553426,0.9969582267316235,0.9965610797396919,1.0050720282145176,1.0071296188259944,0.005628675223622233,1.0,0.9994282447112636
-211,pi-,4,4.0,5.0,False,7120,0.9674138788789702,0.9673865175092313,2.736136973890968e-05,0.08633150409226528,0.08507199138927769,0.9854107406533598,0.7900770590136008,0.7659180104423632,0.9973303082107698,0.9971959846211624,1.0055805093406112,1.0081122470478325,0.006527663857750452,1.0,0.9992977528089888
-211,pi-,5,5.0,6.0,False,6370,0.9675164528166427,0.9687103043408493,0.0011938515242065906,0.08654239779402981,0.08616463903259243,0.9956349861909715,0.7918915476607657,0.7703766123074939,0.9974557751816334,0.9973183083556942,1.0057748911448523,1.0091273469307864,0.006036216812075489,1.0,0.9985871271585557
-211,pi-,6,6.0,7.0,False,6084,0.9739205785731812,0.9735448631880101,0.0003757153851710049,0.07912590681295377,0.0777500294820057,0.9826115442291168,0.8286887724634899,0.7894641401027367,0.9979447425166414,0.9974767487745868,1.006238431054023,1.0087397752719351,0.007259010314506669,1.0,0.9980276134122288
-211,pi-,7,7.0,8.0,False,4235,0.9741029805572142,0.9710739378569064,0.0030290427003077935,0.07665311525752265,0.08085909460810112,1.0548702989623855,0.8300064439300084,0.7841960405372904,0.9980062241963348,0.9977208388680605,1.0060152760050738,1.0091972410371606,0.00800704454618496,1.0,0.9992916174734356
-211,pi-,8,8.0,9.0,True,1213,0.9531035985002418,0.9549818065510579,0.001878208050816066,0.10107955949731381,0.09500454390116868,0.9398986736155436,0.735769669338706,0.7391648741689218,0.9961702246571342,0.9963623687933927,1.0061059955162661,1.012873488361486,0.008268898204295216,1.0,0.9991755976916735
211,pi+,0,0.0,1.0,False,3116,0.9684124133122777,0.9644715344566752,0.003940878855602459,0.06921330111946966,0.06656116116878971,0.9616816434444867,0.9457406378383297,0.8431546566250729,0.9821154181690992,0.9800525122329591,0.9943957753417694,0.996251076475567,0.00935136668483587,1.0,0.9996790757381258
211,pi+,1,1.0,2.0,False,7417,0.9765016439849495,0.975759034527882,0.0007426094570675001,0.0723312323133821,0.07122041374388728,0.9846426151751143,0.8763951405149415,0.8393934537266646,0.9937655342619646,0.9929485680805237,1.0023414619258277,1.0046034692138222,0.00524214909138505,1.0,0.9991910475933666
211,pi+,2,2.0,3.0,False,7822,0.9733558556140165,0.9728209966198287,0.0005348589941878146,0.08176924700211831,0.08169513226678563,0.9990936111307132,0.8231034206381045,0.7858808039033571,0.9967449014940055,0.9958471694521233,1.004888761197923,1.0074152474426439,0.006125610894905657,1.0,0.9991050882127334
211,pi+,3,3.0,4.0,False,8115,0.9744443647436464,0.972573536159929,0.0018708285837173433,0.07897081622816916,0.08123813165423956,1.02871080146265,0.8336301844279513,0.7888974373116749,0.9973779319121343,0.9966099833066852,1.0055695069552324,1.0080885955514882,0.007155284480161564,1.0,0.9983980283425755
211,pi+,4,4.0,5.0,False,8150,0.9713319955790203,0.9721404084011322,0.0008084128221119702,0.08225970784948125,0.08295590534642838,1.0084634083337742,0.8100753371491252,0.7805221431164653,0.9974991969337894,0.9969212032687933,1.0059639628918298,1.0090312649488686,0.005386387110218638,1.0,0.9987730061349693
211,pi+,5,5.0,6.0,False,7664,0.974320010390369,0.973138903170098,0.0011811072202709827,0.07762177211727742,0.08074820573966875,1.040277792391388,0.8306759951144014,0.7798471189725269,0.9977475698266323,0.9970426233023626,1.0064468252557208,1.0098435647393902,0.007348455107516003,1.0,0.9984342379958246
211,pi+,6,6.0,7.0,False,7303,0.9764899574455793,0.9756146600700712,0.0008752973755080662,0.07503069668615875,0.0764146082123808,1.0184446045064826,0.8463171500479038,0.8012325057002709,0.9980351921353484,0.9973628849202713,1.006598054796817,1.0099613718532867,0.007446090772671962,1.0,0.9973983294536491
211,pi+,7,7.0,8.0,False,5471,0.9767253387262566,0.9741224501792731,0.0026028885469834284,0.07093227906265472,0.07692350510676352,1.0844640285534421,0.8458428975706779,0.7956890194530235,0.9979436389826193,0.9974117730955165,1.0063601123349175,1.0108512288517815,0.007376074237860857,1.0,0.999086090294279
211,pi+,8,8.0,9.0,True,1716,0.9685093863827938,0.9642004888867077,0.004308897496086095,0.08656000990897222,0.08858775009850607,1.0234258313009235,0.8061455935660875,0.7616153747492023,0.9977504913290105,0.996703677054458,1.0051820572046504,1.0126529542498601,0.01224243540099796,1.0,0.9994172494172494
2212,proton,0,0.0,1.0,False,3726,0.612637827419412,0.6072281395109487,0.005409687908463301,0.08231297788652293,0.09114305075313583,1.1072743702552723,0.4606087648477065,0.45517918365985566,0.6270323540284604,0.6209066052185239,0.7185057661694025,0.7176633472222256,0.006078233879617752,1.0,0.999194847020934
2212,proton,1,1.0,2.0,False,9189,0.8260538464585057,0.8230580746663602,0.0029957717921454963,0.0680221117652098,0.07750859591764757,1.139461770683951,0.7297763020053509,0.7215853719977703,0.8392250552881377,0.8386091683204636,0.9003542439786949,0.9001988023643511,0.004201980800206834,1.0,0.999347045380346
2212,proton,2,2.0,3.0,False,10019,0.9117639912701581,0.913081508642228,0.0013175173720699762,0.07348308380299098,0.07148070276216495,0.972750448985042,0.7672247352922297,0.7773780065354576,0.9308867336534885,0.9307515696885378,0.9538515685776557,0.9546645903585532,0.0018751898476348748,1.0,0.9988022756762152
2212,proton,3,3.0,4.0,False,10235,0.9394331466273367,0.9402006801066378,0.0007675334793011412,0.07941101470289871,0.07674336285759858,0.9664070298650553,0.7852600086687126,0.7778115785919857,0.9627656971302568,0.9620947549637551,0.9755795909101006,0.9771220642835784,0.003906052320488039,1.0,0.9989252564728871
2212,proton,4,4.0,5.0,False,10310,0.9516797500965877,0.9524906418590539,0.0008108917624661816,0.08097742538653983,0.07864299742343327,0.9711718673202643,0.7908562894334779,0.7773488354668102,0.9766950289237788,0.975983634648008,0.9864728386108164,0.989448751166591,0.004983683226551938,1.0,0.9990300678952473
2212,proton,5,5.0,6.0,False,9204,0.9595008493885198,0.9619667812194508,0.002465931830931023,0.0808987524146785,0.07225858762238138,0.8931977992935102,0.8181282971481344,0.7983961995586627,0.9836160541376686,0.9831531236878415,0.9923609289695557,0.9948389976265875,0.005456930882304702,1.0,0.9984789222077358
2212,proton,6,6.0,7.0,False,3208,0.9567178577543913,0.9558963678387448,0.0008214899156465671,0.0855138564934943,0.0850386948759346,0.994443454697943,0.7956713382011105,0.7599756588529233,0.986928343516763,0.9860911986010451,0.9945748043781162,0.9994840345279309,0.009268569730603762,1.0,0.9984413965087282
