species_pid,species,conditioning_variable,bin_index,bin_low,bin_high,n,target,observed_mean,sampled_mean,absolute_mean_difference,observed_std,sampled_std,std_ratio,wasserstein_1d
11,electron,gen_p,0,2.0000290870666504,2.8653650283813477,33532,delta_p,-0.11640796065330505,-0.13112808763980865,0.014720126986503601,0.2834196388721466,0.29694390296936035,1.0477181614902653,0.01648138463497162
11,electron,gen_p,0,2.0000290870666504,2.8653650283813477,33532,delta_theta,0.0003007792984135449,0.0003089120436925441,8.13274527899921e-06,0.005793752148747444,0.005863483063876629,1.0120355364432114,0.00039116505649872124
11,electron,gen_p,0,2.0000290870666504,2.8653650283813477,33532,delta_phi,0.010730506852269173,0.010052524507045746,0.0006779823452234268,0.03946805000305176,0.04025315120816231,1.0198920697893574,0.001833982765674591
11,electron,gen_p,1,2.8653650283813477,3.7791673660278318,33532,delta_p,-0.1521412879228592,-0.1590290367603302,0.006887748837471008,0.40108931064605713,0.4065650403499603,1.0136521456906522,0.01687014102935791
11,electron,gen_p,1,2.8653650283813477,3.7791673660278318,33532,delta_theta,0.0003104769275523722,0.0003162676002830267,5.790672730654478e-06,0.004299482796341181,0.004564693663269281,1.0616843651877832,0.000351800030330196
11,electron,gen_p,1,2.8653650283813477,3.7791673660278318,33532,delta_phi,0.008671864867210388,0.008046077564358711,0.0006257873028516769,0.03744085878133774,0.0379769504070282,1.0143183581557609,0.00180131068918854
11,electron,gen_p,2,3.7791673660278318,4.852216053009035,33531,delta_p,-0.15775837004184723,-0.1684160828590393,0.010657712817192078,0.4658457934856415,0.4841444492340088,1.0392805001231191,0.018646590411663055
11,electron,gen_p,2,3.7791673660278318,4.852216053009035,33531,delta_theta,0.00022374129912350327,0.0002598341088742018,3.609280975069851e-05,0.0033806089777499437,0.0034481408074498177,1.0199762321357915,0.00025527458637952805
11,electron,gen_p,2,3.7791673660278318,4.852216053009035,33531,delta_phi,0.005637873895466328,0.005165039096027613,0.000472834799438715,0.02857559360563755,0.03003772720694542,1.0511672170834419,0.001532631809823215
11,electron,gen_p,3,4.852216053009035,6.272943401336669,33532,delta_p,-0.1678789108991623,-0.16639554500579834,0.0014833658933639526,0.543738603591919,0.536878228187561,0.9873829532075918,0.020363422110676765
11,electron,gen_p,3,4.852216053009035,6.272943401336669,33532,delta_theta,0.00016495655290782452,0.00021683906379621476,5.188251088839024e-05,0.002257733838632703,0.002369979629293084,1.0497161307235214,0.0001648520992603153
11,electron,gen_p,3,4.852216053009035,6.272943401336669,33532,delta_phi,0.004020503256469965,0.0031751568894833326,0.0008453463669866323,0.02363569289445877,0.023236947134137154,0.9831295083202278,0.0013909338740631938
11,electron,gen_p,4,6.272943401336669,10.414631843566895,33532,delta_p,-0.15711411833763123,-0.15898200869560242,0.0018678903579711914,0.5495836734771729,0.5411503314971924,0.9846550354623467,0.023021318018436432
11,electron,gen_p,4,6.272943401336669,10.414631843566895,33532,delta_theta,0.0001870591368060559,0.00022096556494943798,3.390642814338207e-05,0.0015932221431285143,0.0016097452025860548,1.0103708447241984,0.00012188823166070506
11,electron,gen_p,4,6.272943401336669,10.414631843566895,33532,delta_phi,0.0018621888011693954,0.0013699530391022563,0.0004922357620671391,0.01736062578856945,0.017692627385258675,1.0191238265678084,0.0007539049838669598
11,electron,gen_theta,0,0.10714967548847198,0.230923992395401,33532,delta_p,-0.10230236500501633,-0.1164511889219284,0.014148823916912079,0.3826793432235718,0.40585190057754517,1.0605534575207927,0.025190966203808784
11,electron,gen_theta,0,0.10714967548847198,0.230923992395401,33532,delta_theta,0.0001954987528733909,0.0002515095111448318,5.6010758271440864e-05,0.0019831357058137655,0.002121509285643697,1.0697751441942551,0.00010009294783230871
11,electron,gen_theta,0,0.10714967548847198,0.230923992395401,33532,delta_phi,0.0012390152551233768,0.0008025585557334125,0.00043645669938996434,0.017583923414349556,0.017391376197338104,0.9890498148522234,0.0007694782107137144
11,electron,gen_theta,1,0.230923992395401,0.2880168318748474,33532,delta_p,-0.12817388772964478,-0.1282324492931366,5.856156349182129e-05,0.458796888589859,0.4452308416366577,0.9704312577295426,0.01719595305621624
11,electron,gen_theta,1,0.230923992395401,0.2880168318748474,33532,delta_theta,0.00017238070722669363,0.0002078764809994027,3.549577377270907e-05,0.0027371610049158335,0.002755453111603856,1.0066828756712414,0.00010740724246716127
11,electron,gen_theta,1,0.230923992395401,0.2880168318748474,33532,delta_phi,0.0029813526198267937,0.0024876627139747143,0.0004936899058520794,0.01743033155798912,0.019885582849383354,1.1408608484139178,0.0010903581278398633
11,electron,gen_theta,2,0.2880168318748474,0.3502513587474824,33531,delta_p,-0.13583515584468842,-0.14679133892059326,0.010956183075904846,0.47708413004875183,0.4723927080631256,0.9901664681549001,0.022796401754021645
11,electron,gen_theta,2,0.2880168318748474,0.3502513587474824,33531,delta_theta,0.00018560420721769333,0.00021144963102415204,2.584542380645871e-05,0.0029984775464981794,0.003193548647686839,1.0650567156710833,0.00025226600700989366
11,electron,gen_theta,2,0.2880168318748474,0.3502513587474824,33531,delta_phi,0.004494675900787115,0.0040616486221551895,0.0004330272786319256,0.022444384172558784,0.024274511262774467,1.0815405348681055,0.0013056478928774595
11,electron,gen_theta,3,0.3502513587474824,0.4259088158607483,33532,delta_p,-0.1658942997455597,-0.17545562982559204,0.009561330080032349,0.48766741156578064,0.4981917142868042,1.0215809022120887,0.014965256676077843
11,electron,gen_theta,3,0.3502513587474824,0.4259088158607483,33532,delta_theta,0.00028742983704432845,0.0002821509260684252,5.278910975903273e-06,0.003870649728924036,0.004115950781852007,1.0633746451131758,0.0003341658739373088
11,electron,gen_theta,3,0.3502513587474824,0.4259088158607483,33532,delta_phi,0.00703472038730979,0.0068052480928599834,0.0002294722944498062,0.031460586935281754,0.03290513902902603,1.045916247421445,0.0018688328564167023
11,electron,gen_theta,4,0.4259088158607483,0.600780189037323,33532,delta_p,-0.21909430623054504,-0.21701949834823608,0.00207480788230896,0.47657501697540283,0.478569895029068,1.0041858636785572,0.01739218458533287
11,electron,gen_theta,4,0.4259088158607483,0.600780189037323,33532,delta_theta,0.00034609856083989143,0.00036983040627092123,2.3731845431029797e-05,0.005976114887744188,0.006006054114550352,1.0050098144645048,0.0005083662108518183
11,electron,gen_theta,4,0.4259088158607483,0.600780189037323,33532,delta_phi,0.015173138119280338,0.013651598244905472,0.0015215398743748665,0.04960880056023598,0.04895232617855072,0.9867669773453169,0.0029624211601912975
11,electron,gen_phi,0,-3.141592653589793,-2.0943951023931957,28095,delta_p,-0.15073134005069733,-0.1539079248905182,0.003176584839820862,0.461796373128891,0.45270463824272156,0.9803122427649906,0.014043747447431087
11,electron,gen_phi,0,-3.141592653589793,-2.0943951023931957,28095,delta_theta,0.00023452886671293527,0.000264614267507568,3.0085400794632733e-05,0.0036853516940027475,0.00381892709992826,1.0362449548961317,0.0002190712548326701
11,electron,gen_phi,0,-3.141592653589793,-2.0943951023931957,28095,delta_phi,0.006285075563937426,0.005409952253103256,0.0008751233108341694,0.03172963857650757,0.03091602213680744,0.9743578409272357,0.0015035700052976608
11,electron,gen_phi,1,-2.0943951023931957,-1.0471975511965979,28389,delta_p,-0.15055754780769348,-0.15815483033657074,0.007597282528877258,0.45613422989845276,0.47381263971328735,1.0387570339081333,0.014536953531205654
11,electron,gen_phi,1,-2.0943951023931957,-1.0471975511965979,28389,delta_theta,0.00022074715525377542,0.00027819257229566574,5.744541704189032e-05,0.0039698416367173195,0.0038956934586167336,0.9813221319926758,0.00026565976440906525
11,electron,gen_phi,1,-2.0943951023931957,-1.0471975511965979,28389,delta_phi,0.006398230791091919,0.0053739240393042564,0.0010243067517876625,0.031407374888658524,0.030065128579735756,0.9572633397830563,0.0014828589046373963
11,electron,gen_phi,2,-1.0471975511965979,0.0,28190,delta_p,-0.14966677129268646,-0.15721096098423004,0.007544189691543579,0.45975685119628906,0.46305927634239197,1.0071829819120912,0.014289884828031063
11,electron,gen_phi,2,-1.0471975511965979,0.0,28190,delta_theta,0.0002706733357626945,0.000258132437011227,1.2540898751467466e-05,0.0036062889266759157,0.0038551678881049156,1.069012485269283,0.0002508704492356628
11,electron,gen_phi,2,-1.0471975511965979,0.0,28190,delta_phi,0.005863928236067295,0.005404869094491005,0.00045905914157629013,0.028735166415572166,0.03054988384246826,1.0631531900895017,0.00139584147837013
11,electron,gen_phi,3,0.0,1.0471975511965974,28051,delta_p,-0.15083739161491394,-0.15238457918167114,0.0015471875667572021,0.46447592973709106,0.459612101316452,0.9895283520431465,0.01729104109108448
11,electron,gen_phi,3,0.0,1.0471975511965974,28051,delta_theta,0.00021525392367038876,0.0002645203785505146,4.926645488012582e-05,0.003884181845933199,0.003966633230447769,1.0212274779567538,0.00027213056455366313
11,electron,gen_phi,3,0.0,1.0471975511965974,28051,delta_phi,0.00612157117575407,0.0057045090943574905,0.00041706208139657974,0.02971193566918373,0.03212267532944679,1.0811370786173116,0.0014058088418096304
11,electron,gen_phi,4,1.0471975511965974,2.094395102393195,27716,delta_p,-0.14837481081485748,-0.16008447110652924,0.011709660291671753,0.45572349429130554,0.4641839861869812,1.0185649675771764,0.019278915598988533
11,electron,gen_phi,4,1.0471975511965974,2.094395102393195,27716,delta_theta,0.00025126381660811603,0.00025326991453766823,2.0060979295521975e-06,0.003654743544757366,0.0039001593831926584,1.067149947849921,0.0002722579229157418
11,electron,gen_phi,4,1.0471975511965974,2.094395102393195,27716,delta_phi,0.005961366929113865,0.005709541495889425,0.0002518254332244396,0.02981204353272915,0.03185933083295822,1.0686731621729137,0.00134689558763057
11,electron,gen_phi,5,2.094395102393195,3.141592653589793,27218,delta_p,-0.15140269696712494,-0.15909142792224884,0.007688730955123901,0.4613879323005676,0.4615941345691681,1.000446917342576,0.015070597641170025
11,electron,gen_phi,5,2.094395102393195,3.141592653589793,27218,delta_theta,0.00023199453426059335,0.00026850233552977443,3.650780126918107e-05,0.00381533894687891,0.0038489277940243483,1.008803633861394,0.0002515920205041766
11,electron,gen_phi,5,2.094395102393195,3.141592653589793,27218,delta_phi,0.006482406985014677,0.0057792202569544315,0.0007031867280602455,0.03217806667089462,0.031677838414907455,0.9844543719452347,0.0013863003114238381
-211,pi-,gen_p,0,0.30248284339904785,2.30476450920105,9196,delta_p,-0.131020650267601,-0.16588197648525238,0.03486132621765137,0.49906206130981445,0.5314533114433289,1.0649042526865333,0.035353291779756546
-211,pi-,gen_p,0,0.30248284339904785,2.30476450920105,9196,delta_theta,-0.008351128548383713,-0.0024438370019197464,0.005907291546463966,0.12378115206956863,0.11891916394233704,0.9607210948844698,0.008106007240712643
-211,pi-,gen_p,0,0.30248284339904785,2.30476450920105,9196,delta_phi,0.08414910733699799,-0.01997481659054756,0.10412392020225525,0.9167367219924927,0.8039236664772034,0.8769406168544286,0.10597347468137741
-211,pi-,gen_p,1,2.30476450920105,3.6574511528015137,9196,delta_p,-0.451740026473999,-0.483381986618042,0.03164196014404297,0.9179393649101257,0.9854742884635925,1.0735723143979985,0.056069739162921906
-211,pi-,gen_p,1,2.30476450920105,3.6574511528015137,9196,delta_theta,0.0022154920734465122,0.0022445267532020807,2.9034679755568504e-05,0.10834076255559921,0.11045119911432266,1.0194796169875617,0.0035542852710932493
-211,pi-,gen_p,1,2.30476450920105,3.6574511528015137,9196,delta_phi,-0.025837918743491173,-0.013461331836879253,0.01237658690661192,0.6072461009025574,0.6072458624839783,0.9999996073773405,0.019038477912545204
-211,pi-,gen_p,2,3.6574511528015137,4.9356818199157715,9196,delta_p,-0.695500910282135,-0.7427475452423096,0.04724663496017456,1.3778480291366577,1.4306652545928955,1.0383331284287807,0.06855879724025726
-211,pi-,gen_p,2,3.6574511528015137,4.9356818199157715,9196,delta_theta,-0.0024095168337225914,-0.0005466525326482952,0.0018628642428666353,0.10283317416906357,0.10029765218496323,0.9753433461080195,0.0032090621534734964
-211,pi-,gen_p,2,3.6574511528015137,4.9356818199157715,9196,delta_phi,-0.02900722436606884,-0.01652662642300129,0.01248059794306755,0.530235767364502,0.5260487794876099,0.9921035355692748,0.018413931131362915
-211,pi-,gen_p,3,4.9356818199157715,6.381378173828125,9196,delta_p,-1.0622668266296387,-1.0808732509613037,0.01860642433166504,1.9619760513305664,1.9803913831710815,1.0093861144880063,0.04527641087770462
-211,pi-,gen_p,3,4.9356818199157715,6.381378173828125,9196,delta_theta,-0.002054592128843069,-0.0025877952575683594,0.0005332031287252903,0.10203471779823303,0.10238362848758698,1.003419529125801,0.0027609849348664284
-211,pi-,gen_p,3,4.9356818199157715,6.381378173828125,9196,delta_phi,-0.02309129759669304,-0.017823245376348495,0.0052680522203445435,0.5086283087730408,0.49608105421066284,0.9753311910761602,0.010014095343649387
-211,pi-,gen_p,4,6.381378173828125,8.962946891784668,9197,delta_p,-1.432756781578064,-1.5306086540222168,0.09785187244415283,2.685558795928955,2.673887252807617,0.9956539610530848,0.1645190566778183
-211,pi-,gen_p,4,6.381378173828125,8.962946891784668,9197,delta_theta,0.018629802390933037,0.01917855814099312,0.0005487557500600815,0.08172311633825302,0.08171975612640381,0.9999588829697181,0.00383945950306952
-211,pi-,gen_p,4,6.381378173828125,8.962946891784668,9197,delta_phi,-0.02070939913392067,-0.008584929630160332,0.012124469503760338,0.4888845980167389,0.48245933651924133,0.9868573043136091,0.0328732505440712
-211,pi-,gen_theta,0,0.08726963400840759,0.2293844074010849,9196,delta_p,-1.9413461685180664,-1.9624947309494019,0.02114856243133545,2.437251091003418,2.3774211406707764,0.9754518725815773,0.08124140650033951
-211,pi-,gen_theta,0,0.08726963400840759,0.2293844074010849,9196,delta_theta,0.0807616263628006,0.07588421553373337,0.00487741082906723,0.1274355798959732,0.12554918229579926,0.9851972455281811,0.008302820846438408
-211,pi-,gen_theta,0,0.08726963400840759,0.2293844074010849,9196,delta_phi,0.003949463367462158,-0.0014154474483802915,0.005364910699427128,1.0910630226135254,1.0381373167037964,0.9514916143130292,0.04513135924935341
-211,pi-,gen_theta,1,0.2293844074010849,0.3277846574783325,9196,delta_p,-0.49648183584213257,-0.5489141345024109,0.05243229866027832,1.488656997680664,1.547094702720642,1.039255318808177,0.06935825943946838
-211,pi-,gen_theta,1,0.2293844074010849,0.3277846574783325,9196,delta_theta,0.003920297604054213,0.0024285383988171816,0.001491759205237031,0.051803696900606155,0.05041799694299698,0.9732509446137045,0.002159552648663521
-211,pi-,gen_theta,1,0.2293844074010849,0.3277846574783325,9196,delta_phi,0.02134784311056137,-0.020841781049966812,0.04218962416052818,0.5454870462417603,0.4655638039112091,0.8534827859227859,0.04543378949165344
-211,pi-,gen_theta,2,0.3277846574783325,0.41601860523223877,9196,delta_p,-0.3633151650428772,-0.39789271354675293,0.03457754850387573,1.2574081420898438,1.2865029573440552,1.0231387202613904,0.050911638885736465
-211,pi-,gen_theta,2,0.3277846574783325,0.41601860523223877,9196,delta_theta,-0.003122994676232338,-0.001773914322257042,0.001349080353975296,0.04052823409438133,0.04127386957406998,1.0183979266886443,0.0021666691172868013
-211,pi-,gen_theta,2,0.3277846574783325,0.41601860523223877,9196,delta_phi,-0.0013092898298054934,0.0013002154882997274,0.002609505318105221,0.37823858857154846,0.31735867261886597,0.8390436148183588,0.020505566149950027
-211,pi-,gen_theta,3,0.41601860523223877,0.5043356418609619,9196,delta_p,-0.28271064162254333,-0.3379006087779999,0.05518996715545654,1.1047909259796143,1.2082083225250244,1.093608115448369,0.06933335214853287
-211,pi-,gen_theta,3,0.41601860523223877,0.5043356418609619,9196,delta_theta,-0.0076529099605977535,-0.0034439582377672195,0.004208951722830534,0.041387997567653656,0.04372095689177513,1.0563680163629074,0.004366811830550432
-211,pi-,gen_theta,3,0.41601860523223877,0.5043356418609619,9196,delta_phi,-0.008369152434170246,-0.013449380174279213,0.005080227740108967,0.3024473786354065,0.29169631004333496,0.9644530938222093,0.01263806689530611
-211,pi-,gen_theta,4,0.5043356418609619,1.8448617458343506,9197,delta_p,-0.6895121932029724,-0.7563755512237549,0.06686335802078247,1.509299397468567,1.5933730602264404,1.0557037675221257,0.080062635242939
-211,pi-,gen_theta,4,0.5043356418609619,1.8448617458343506,9197,delta_theta,-0.06586677581071854,-0.0572417713701725,0.008625004440546036,0.1480879783630371,0.1515570729970932,1.0234259031178858,0.009075718931853771
-211,pi-,gen_theta,4,0.5043356418609619,1.8448617458343506,9197,delta_phi,-0.030114565044641495,-0.04196092486381531,0.011846359819173813,0.5230674743652344,0.5377808213233948,1.0281289655335877,0.033781860023736954
-211,pi-,gen_phi,0,-3.141592653589793,-2.0943951023931957,7675,delta_p,-0.7475770711898804,-0.8099681735038757,0.06239110231399536,1.7089197635650635,1.7671912908554077,1.0340984571263785,0.0804254561662674
-211,pi-,gen_phi,0,-3.141592653589793,-2.0943951023931957,7675,delta_theta,0.0008088050526566803,0.002364234533160925,0.0015554295387119055,0.10903365910053253,0.10573724657297134,0.9697670191502811,0.003624306758865714
-211,pi-,gen_phi,0,-3.141592653589793,-2.0943951023931957,7675,delta_phi,0.0009578227763995528,-0.021977728232741356,0.022935550659894943,0.6331077218055725,0.6068299412727356,0.9584939819437128,0.02544475719332695
-211,pi-,gen_phi,1,-2.0943951023931957,-1.0471975511965979,7597,delta_p,-0.7456090450286865,-0.7589884996414185,0.013379454612731934,1.723266839981079,1.7130814790725708,0.9940895044968079,0.03152186796069145
-211,pi-,gen_phi,1,-2.0943951023931957,-1.0471975511965979,7597,delta_theta,0.0014652719255536795,0.0018683592788875103,0.00040308735333383083,0.10168040543794632,0.10054448246955872,0.9888284968623494,0.0031554331071674824
-211,pi-,gen_phi,1,-2.0943951023931957,-1.0471975511965979,7597,delta_phi,0.011950217187404633,-0.015366829931735992,0.027317047119140625,0.6309635043144226,0.587256133556366,0.9307291618941619,0.028832530602812767
-211,pi-,gen_phi,2,-1.0471975511965979,0.0,7767,delta_p,-0.7511787414550781,-0.7993793487548828,0.04820060729980469,1.7298901081085205,1.7492321729660034,1.0111810945486195,0.07683480530977249
-211,pi-,gen_phi,2,-1.0471975511965979,0.0,7767,delta_theta,-0.00012552739644888788,0.0021591687109321356,0.0022846960928291082,0.10283917933702469,0.10334161669015884,1.00488566085779,0.003848752938210964
-211,pi-,gen_phi,2,-1.0471975511965979,0.0,7767,delta_phi,-0.006234005093574524,-0.013087707571685314,0.00685370247811079,0.6435524821281433,0.6020094752311707,0.9354473674631859,0.02139366790652275
-211,pi-,gen_phi,3,0.0,1.0471975511965974,7647,delta_p,-0.7442612648010254,-0.8280105590820312,0.08374929428100586,1.7287344932556152,1.7919570207595825,1.0365715659348615,0.09658681601285934
-211,pi-,gen_phi,3,0.0,1.0471975511965974,7647,delta_theta,0.002808396006003022,0.0036367604043334723,0.0008283643983304501,0.10362746566534042,0.10645200312137604,1.0272566489771864,0.0040840464644134045
-211,pi-,gen_phi,3,0.0,1.0471975511965974,7647,delta_phi,-0.01765071600675583,-0.008638477884232998,0.009012238122522831,0.6313367486000061,0.5925793647766113,0.938610600587817,0.026974325999617577
-211,pi-,gen_phi,4,1.0471975511965974,2.094395102393195,7623,delta_p,-0.7585973739624023,-0.8333996534347534,0.07480227947235107,1.734743595123291,1.7854515314102173,1.0292307960839149,0.08852480351924896
-211,pi-,gen_phi,4,1.0471975511965974,2.094395102393195,7623,delta_theta,0.002321555046364665,0.004227742552757263,0.0019061875063925982,0.10863406211137772,0.10737743973731995,0.9884325196937825,0.003623157273977995
-211,pi-,gen_phi,4,1.0471975511965974,2.094395102393195,7623,delta_phi,-0.00512493634596467,-0.014399328269064426,0.009274391457438469,0.6132887601852417,0.5977423787117004,0.9746507966836935,0.016934888437390327
-211,pi-,gen_phi,5,2.094395102393195,3.141592653589793,7672,delta_p,-0.7807559370994568,-0.7744437456130981,0.006312191486358643,1.7964863777160645,1.7516069412231445,0.9750182149725083,0.04924330860376358
-211,pi-,gen_phi,5,2.094395102393195,3.141592653589793,7672,delta_theta,0.002388652181252837,0.004767972975969315,0.0023793207947164774,0.10403793305158615,0.0991906151175499,0.9534081676571491,0.003702221205458045
-211,pi-,gen_phi,5,2.094395102393195,3.141592653589793,7672,delta_phi,-0.0011741048656404018,-0.01817234233021736,0.016998236998915672,0.6390482187271118,0.5835843682289124,0.9132086611419165,0.023095447570085526
211,pi+,gen_p,0,0.3614335060119629,2.104244089126587,11400,delta_p,-0.0690751001238823,-0.11190002411603928,0.04282492399215698,0.2592466175556183,0.3665253818035126,1.4138096969572955,0.04605172201991081
211,pi+,gen_p,0,0.3614335060119629,2.104244089126587,11400,delta_theta,0.0019762017764151096,0.0012336403597146273,0.0007425614167004824,0.09761245548725128,0.09344475716352463,0.9573036217261128,0.003751565469428897
211,pi+,gen_p,0,0.3614335060119629,2.104244089126587,11400,delta_phi,0.00683117238804698,-0.00662874523550272,0.013459917157888412,0.2886933982372284,0.32062801718711853,1.110617766616362,0.018773749470710754
211,pi+,gen_p,1,2.104244089126587,3.553112745285034,11400,delta_p,-0.30685725808143616,-0.3577338755130768,0.050876617431640625,0.7397351861000061,0.8090106844902039,1.093649051298247,0.057977985590696335
211,pi+,gen_p,1,2.104244089126587,3.553112745285034,11400,delta_theta,-0.00024373381165787578,0.0009662827360443771,0.0012100165477022529,0.09762131422758102,0.09400256723165512,0.9629307695295962,0.0027496751863509417
211,pi+,gen_p,1,2.104244089126587,3.553112745285034,11400,delta_phi,0.0027268107514828444,0.0037456133868545294,0.001018802635371685,0.3519982099533081,0.3529975116252899,1.0028389396415236,0.011621887795627117
211,pi+,gen_p,2,3.553112745285034,4.931558990478516,11399,delta_p,-0.5970838069915771,-0.6454892754554749,0.048405468463897705,1.2843469381332397,1.3183846473693848,1.0265019584860908,0.058587200939655304
211,pi+,gen_p,2,3.553112745285034,4.931558990478516,11399,delta_theta,-0.000895435456186533,0.0012121315812692046,0.0021075671538710594,0.10278259217739105,0.09867359697818756,0.9600224599111897,0.003887660102918744
211,pi+,gen_p,2,3.553112745285034,4.931558990478516,11399,delta_phi,0.005683525465428829,0.006239782087504864,0.0005562566220760345,0.3900296688079834,0.3848519027233124,0.9867246866103919,0.010722734034061432
211,pi+,gen_p,3,4.931558990478516,6.428315925598144,11400,delta_p,-0.9219396114349365,-0.9573315978050232,0.03539198637008667,1.8644232749938965,1.862582802772522,0.9990128463605559,0.0749870166182518
211,pi+,gen_p,3,4.931558990478516,6.428315925598144,11400,delta_theta,0.0012629983248189092,0.0039571854285895824,0.002694187220185995,0.0921759158372879,0.09525967389345169,1.0334551387762432,0.004334288649260998
211,pi+,gen_p,3,4.931558990478516,6.428315925598144,11400,delta_phi,-0.0011029575252905488,0.006235111504793167,0.007338068913668394,0.3869742453098297,0.39815211296081543,1.0288853012479842,0.015191648155450821
211,pi+,gen_p,4,6.428315925598144,8.97736930847168,11400,delta_p,-1.2568222284317017,-1.386942744255066,0.13012051582336426,2.5271453857421875,2.5721452236175537,1.0178065884650915,0.17361731827259064
211,pi+,gen_p,4,6.428315925598144,8.97736930847168,11400,delta_theta,0.018959779292345047,0.02671349234879017,0.007753713056445122,0.07426455616950989,0.08490271121263504,1.1432467329211988,0.007983896881341934
211,pi+,gen_p,4,6.428315925598144,8.97736930847168,11400,delta_phi,0.008211066015064716,0.012413380667567253,0.004202314652502537,0.3717820346355438,0.4308519959449768,1.1588833128188645,0.04424472898244858
211,pi+,gen_theta,0,0.08727854490280151,0.18859077394008636,11400,delta_p,-1.137956142425537,-1.2953853607177734,0.15742921829223633,2.135953903198242,2.239563226699829,1.0485072844252157,0.16777403652668
211,pi+,gen_theta,0,0.08727854490280151,0.18859077394008636,11400,delta_theta,0.05375141277909279,0.04698750749230385,0.00676390528678894,0.10851888358592987,0.10062152147293091,0.9272259181809082,0.009049108251929283
211,pi+,gen_theta,0,0.08727854490280151,0.18859077394008636,11400,delta_phi,0.029582107439637184,0.026023168116807938,0.0035589393228292465,0.47972893714904785,0.5173923969268799,1.078509876851832,0.0453176274895668
211,pi+,gen_theta,1,0.18859077394008636,0.2851269066333771,11400,delta_p,-0.6131928563117981,-0.6499190330505371,0.036726176738739014,1.633288860321045,1.6276668310165405,0.996557847517922,0.06113487854599953
211,pi+,gen_theta,1,0.18859077394008636,0.2851269066333771,11400,delta_theta,0.016736337915062904,0.01749664545059204,0.0007603075355291367,0.05692395940423012,0.060513854026794434,1.0630647386467207,0.0032307186629623175
211,pi+,gen_theta,1,0.18859077394008636,0.2851269066333771,11400,delta_phi,0.014068754389882088,0.0105126379057765,0.003556116484105587,0.32666897773742676,0.3409115970134735,1.0435995464726828,0.024309394881129265
211,pi+,gen_theta,2,0.2851269066333771,0.38356350660324107,11399,delta_p,-0.4490305781364441,-0.46659836173057556,0.01756778359413147,1.391242504119873,1.3777790069580078,0.9903226812565057,0.04157710820436478
211,pi+,gen_theta,2,0.2851269066333771,0.38356350660324107,11399,delta_theta,0.006407497450709343,0.008844778873026371,0.002437281422317028,0.03843891620635986,0.0479806587100029,1.2482313094473856,0.0031410339288413525
211,pi+,gen_theta,2,0.2851269066333771,0.38356350660324107,11399,delta_phi,0.012456957250833511,0.010512450709939003,0.0019445065408945084,0.2679773271083832,0.2676284611225128,0.9986981511098912,0.015042882412672043
211,pi+,gen_theta,3,0.38356350660324107,0.4845644891262054,11400,delta_p,-0.3332725763320923,-0.3457220494747162,0.012449473142623901,1.193298578262329,1.165353775024414,0.9765818850814286,0.0273333340883255
211,pi+,gen_theta,3,0.38356350660324107,0.4845644891262054,11400,delta_theta,0.0006414682720787823,0.0058462535962462425,0.0052047851495444775,0.02978714555501938,0.04516902193427086,1.516393098185251,0.005447930656373501
211,pi+,gen_theta,3,0.38356350660324107,0.4845644891262054,11400,delta_phi,0.009970752522349358,0.005470460746437311,0.004500291775912046,0.20656585693359375,0.23490315675735474,1.1371828831948292,0.013656512834131718
211,pi+,gen_theta,4,0.4845644891262054,1.9661022424697876,11400,delta_p,-0.6183128356933594,-0.7017571330070496,0.08344429731369019,1.4339182376861572,1.4690061807632446,1.0244699747551207,0.10075351595878601
211,pi+,gen_theta,4,0.4845644891262054,1.9661022424697876,11400,delta_theta,-0.05647626891732216,-0.045091789215803146,0.011384479701519012,0.14218711853027344,0.146736741065979,1.0319974311508175,0.011541975662112236
211,pi+,gen_theta,4,0.4845644891262054,1.9661022424697876,11400,delta_phi,-0.04372836649417877,-0.030513204634189606,0.013215161859989166,0.439221054315567,0.45539313554763794,1.0368199135109124,0.03945610299706459
211,pi+,gen_phi,0,-3.141592653589793,-2.0943951023931957,9375,delta_p,-0.6198539733886719,-0.7033236622810364,0.0834696888923645,1.5775198936462402,1.658495306968689,1.0513308349698742,0.09348861873149872
211,pi+,gen_phi,0,-3.141592653589793,-2.0943951023931957,9375,delta_theta,0.002960371784865856,0.007667739409953356,0.0047073676250875,0.09308157116174698,0.09465976059436798,1.0169549075388788,0.0050870319828391075
211,pi+,gen_phi,0,-3.141592653589793,-2.0943951023931957,9375,delta_phi,0.0037133521400392056,0.00847647339105606,0.004763121251016855,0.37013787031173706,0.3760700821876526,1.0160270330374985,0.017544608563184738
211,pi+,gen_phi,1,-2.0943951023931957,-1.0471975511965979,9529,delta_p,-0.6250947713851929,-0.6871702075004578,0.06207543611526489,1.614335298538208,1.635135531425476,1.0128847042532632,0.07233653962612152
211,pi+,gen_phi,1,-2.0943951023931957,-1.0471975511965979,9529,delta_theta,0.004372679628431797,0.006705214735120535,0.002332535106688738,0.09379460662603378,0.09326975047588348,0.9944041969039549,0.003983218222856522
211,pi+,gen_phi,1,-2.0943951023931957,-1.0471975511965979,9529,delta_phi,0.005743096116930246,-0.003032917622476816,0.008776013739407063,0.3455890715122223,0.3687770366668701,1.0670969283061595,0.02144221030175686
211,pi+,gen_phi,2,-1.0471975511965979,0.0,9553,delta_p,-0.6210672855377197,-0.6804010272026062,0.059333741664886475,1.5924687385559082,1.6394004821777344,1.0294710611803815,0.06948132067918777
211,pi+,gen_phi,2,-1.0471975511965979,0.0,9553,delta_theta,0.005215056240558624,0.006983779836446047,0.0017687235958874226,0.09317021816968918,0.09208131581544876,0.9883127637175088,0.003494598902761936
211,pi+,gen_phi,2,-1.0471975511965979,0.0,9553,delta_phi,0.009690150618553162,0.0054015410132706165,0.004288609605282545,0.3567250370979309,0.3763304650783539,1.054959495245748,0.018064243718981743
211,pi+,gen_phi,3,0.0,1.0471975511965974,9634,delta_p,-0.636480987071991,-0.6913847923278809,0.05490380525588989,1.6240739822387695,1.660714864730835,1.0225610919778152,0.0670834556221962
211,pi+,gen_phi,3,0.0,1.0471975511965974,9634,delta_theta,0.004007572773844004,0.005912540014833212,0.0019049672409892082,0.09262850880622864,0.0925612673163414,0.9992740734925583,0.003493029624223709
211,pi+,gen_phi,3,0.0,1.0471975511965974,9634,delta_phi,0.0029978379607200623,0.0031836864072829485,0.00018584844656288624,0.36562129855155945,0.384914368391037,1.052767904703333,0.020459365099668503
211,pi+,gen_phi,4,1.0471975511965974,2.094395102393195,9356,delta_p,-0.6398453712463379,-0.6895217299461365,0.049676358699798584,1.6531822681427002,1.6524156332015991,0.9995362671401247,0.06641523540019989
211,pi+,gen_phi,4,1.0471975511965974,2.094395102393195,9356,delta_theta,0.005536182317882776,0.0077420445159077644,0.002205862198024988,0.09220241010189056,0.09355250746011734,1.0146427556149,0.003800483187660575
211,pi+,gen_phi,4,1.0471975511965974,2.094395102393195,9356,delta_phi,0.001172372605651617,0.007801054045557976,0.006628681439906359,0.34830978512763977,0.38692328333854675,1.1108596423633545,0.024146556854248047
211,pi+,gen_phi,5,2.094395102393195,3.141592653589793,9552,delta_p,-0.6397304534912109,-0.6996382474899292,0.05990779399871826,1.6212230920791626,1.6549007892608643,1.0207730184366615,0.07154835760593414
211,pi+,gen_phi,5,2.094395102393195,3.141592653589793,9552,delta_theta,0.003186459420248866,0.005930784158408642,0.0027443247381597757,0.09725223481655121,0.09720034152269363,0.9994664051272913,0.004476269707083702
211,pi+,gen_phi,5,2.094395102393195,3.141592653589793,9552,delta_phi,0.0034360778518021107,0.004713870119303465,0.0012777922675013542,0.3715589642524719,0.383220374584198,1.0313850867659384,0.01583520695567131
2212,proton,gen_p,0,0.4349554777145386,1.8145986795425417,11201,delta_p,-0.03222470358014107,-0.05090579390525818,0.01868109032511711,0.11605413258075714,0.15459702908992767,1.33211136606747,0.01996460370719433
2212,proton,gen_p,0,0.4349554777145386,1.8145986795425417,11201,delta_theta,0.0015367044834420085,0.0003939218877349049,0.001142782624810934,0.07119257748126984,0.06933846324682236,0.9739563547206128,0.001947905169799924
2212,proton,gen_p,0,0.4349554777145386,1.8145986795425417,11201,delta_phi,-0.007690314669162035,-0.00585748627781868,0.0018328283913433552,0.19011065363883972,0.22247499227523804,1.1702394790450936,0.009918027557432652
2212,proton,gen_p,1,1.8145986795425417,2.942177486419678,11201,delta_p,-0.18970391154289246,-0.2107093632221222,0.021005451679229736,0.5113410353660583,0.5396613478660583,1.055384392296476,0.0227374080568552
2212,proton,gen_p,1,1.8145986795425417,2.942177486419678,11201,delta_theta,0.0018811746267601848,0.0012664486421272159,0.0006147259846329689,0.0953172892332077,0.09006118029356003,0.9448567098169585,0.0024938187561929226
2212,proton,gen_p,1,1.8145986795425417,2.942177486419678,11201,delta_phi,0.0006237259949557483,0.0026469435542821884,0.002023217501118779,0.3103053569793701,0.31609055399894714,1.0186435615417417,0.01410447247326374
2212,proton,gen_p,2,2.942177486419678,4.0336757659912115,11201,delta_p,-0.39257872104644775,-0.4086250960826874,0.016046375036239624,0.9174849987030029,0.9498441815376282,1.0352694407869008,0.03446456417441368
2212,proton,gen_p,2,2.942177486419678,4.0336757659912115,11201,delta_theta,0.0018701202934607863,0.004154777619987726,0.002284657210111618,0.09066716581583023,0.09247364848852158,1.0199243315530653,0.0030414017383009195
2212,proton,gen_p,2,2.942177486419678,4.0336757659912115,11201,delta_phi,-0.0038678839337080717,0.005089216399937868,0.008957100100815296,0.3331625461578369,0.355796754360199,1.0679374331340326,0.015509897843003273
2212,proton,gen_p,3,4.0336757659912115,5.119460964202882,11201,delta_p,-0.6092005968093872,-0.612985372543335,0.003784775733947754,1.3570348024368286,1.3864818811416626,1.0216995751707736,0.05199743062257767
2212,proton,gen_p,3,4.0336757659912115,5.119460964202882,11201,delta_theta,0.003381331916898489,0.006008431781083345,0.0026270998641848564,0.08653709292411804,0.0879845842719078,1.0167268312220636,0.003685428760945797
2212,proton,gen_p,3,4.0336757659912115,5.119460964202882,11201,delta_phi,0.003096305998042226,-0.001366684678941965,0.004462990909814835,0.34200745820999146,0.3683549165725708,1.0770376719282013,0.02373834326863289
2212,proton,gen_p,4,5.119460964202882,6.981997966766357,11201,delta_p,-0.8645972013473511,-0.8736473917961121,0.009050190448760986,1.8475847244262695,1.8570479154586792,1.005121925347888,0.06628900021314621
2212,proton,gen_p,4,5.119460964202882,6.981997966766357,11201,delta_theta,0.02139291726052761,0.023905934765934944,0.0025130175054073334,0.07380742579698563,0.0785607323050499,1.0644014671523525,0.003949881996959448
2212,proton,gen_p,4,5.119460964202882,6.981997966766357,11201,delta_phi,0.011374481953680515,0.018756862729787827,0.007382380776107311,0.35518717765808105,0.40091878175735474,1.1287535332801257,0.03584323078393936
2212,proton,gen_theta,0,0.0872829258441925,0.19047996103763581,11201,delta_p,-0.7829796671867371,-0.8210290670394897,0.038049399852752686,1.5773591995239258,1.6104326248168945,1.0209675927353459,0.05485644191503525
2212,proton,gen_theta,0,0.0872829258441925,0.19047996103763581,11201,delta_theta,0.05009782686829567,0.05152551829814911,0.0014276914298534393,0.1056012511253357,0.10863860696554184,1.0287624986241988,0.0045830137096345425
2212,proton,gen_theta,0,0.0872829258441925,0.19047996103763581,11201,delta_phi,0.022272834554314613,0.034427400678396225,0.012154566124081612,0.4388306736946106,0.496025025844574,1.130333533133479,0.04745440557599068
2212,proton,gen_theta,1,0.19047996103763581,0.28422980904579165,11201,delta_p,-0.4184584617614746,-0.4260046184062958,0.007546156644821167,1.1979703903198242,1.1816082000732422,0.9863417406817427,0.02670993283390999
2212,proton,gen_theta,1,0.19047996103763581,0.28422980904579165,11201,delta_theta,0.015795202925801277,0.015507439151406288,0.000287763774394989,0.054427579045295715,0.05660751461982727,1.0400520400276736,0.0017140877898782492
2212,proton,gen_theta,1,0.19047996103763581,0.28422980904579165,11201,delta_phi,0.0159513670951128,0.019736818969249725,0.0037854518741369247,0.27733784914016724,0.2992134690284729,1.0788771527439434,0.021998535841703415
2212,proton,gen_theta,2,0.28422980904579165,0.37914919257164004,11201,delta_p,-0.2941083014011383,-0.2916068136692047,0.0025014877319335938,1.0003180503845215,0.9911090731620789,0.9907939507650565,0.03235161677002907
2212,proton,gen_theta,2,0.28422980904579165,0.37914919257164004,11201,delta_theta,0.0066843098029494286,0.005730698816478252,0.0009536109864711761,0.0344066247344017,0.03632940351963043,1.0558839700223843,0.0018774239579215646
2212,proton,gen_theta,2,0.28422980904579165,0.37914919257164004,11201,delta_phi,0.008889202028512955,0.008277587592601776,0.0006116144359111786,0.21727056801319122,0.22931739687919617,1.0554462068938557,0.017887992784380913
2212,proton,gen_theta,3,0.37914919257164004,0.479383534193039,11201,delta_p,-0.20672214031219482,-0.207813560962677,0.0010914206504821777,0.8371714949607849,0.8667115569114685,1.0352855563388088,0.03043498657643795
2212,proton,gen_theta,3,0.37914919257164004,0.479383534193039,11201,delta_theta,0.0013707397738471627,0.001037282170727849,0.0003334576031193137,0.028221948072314262,0.028648413717746735,1.0151111342257353,0.002165568759664893
2212,proton,gen_theta,3,0.37914919257164004,0.479383534193039,11201,delta_phi,0.010827086865901947,0.003177342005074024,0.007649744860827923,0.1907702535390854,0.19148094952106476,1.0037254025132056,0.012646040879189968
2212,proton,gen_theta,4,0.479383534193039,1.5470694303512573,11201,delta_p,-0.3860364258289337,-0.41041892766952515,0.02438250184059143,0.9952473044395447,1.0324058532714844,1.0373359954517685,0.03638429194688797
2212,proton,gen_theta,4,0.479383534193039,1.5470694303512573,11201,delta_theta,-0.04388583078980446,-0.038071420043706894,0.005814410746097565,0.12232296913862228,0.1203489899635315,0.9838625632700774,0.006029509473592043
2212,proton,gen_theta,4,0.479383534193039,1.5470694303512573,11201,delta_phi,-0.05440417677164078,-0.04635029658675194,0.00805388018488884,0.36024191975593567,0.3797619342803955,1.054185849713672,0.027356192469596863
2212,proton,gen_phi,0,-3.141592653589793,-2.0943951023931957,9457,delta_p,-0.4032342731952667,-0.40745818614959717,0.004223912954330444,1.1442351341247559,1.1508052349090576,1.0057419149162268,0.024372100830078125
2212,proton,gen_phi,0,-3.141592653589793,-2.0943951023931957,9457,delta_theta,0.004617871716618538,0.004946768283843994,0.00032889656722545624,0.08366769552230835,0.08456099033355713,1.0106766991211154,0.0018623590003699064
2212,proton,gen_phi,0,-3.141592653589793,-2.0943951023931957,9457,delta_phi,-0.001015213318169117,-0.0014707494992762804,0.00045553618110716343,0.3083198070526123,0.33391791582107544,1.0830245355080124,0.018844889476895332
2212,proton,gen_phi,1,-2.0943951023931957,-1.0471975511965979,9258,delta_p,-0.43146437406539917,-0.42557722330093384,0.005887150764465332,1.1809718608856201,1.183834195137024,1.002423710798035,0.02605174295604229
2212,proton,gen_phi,1,-2.0943951023931957,-1.0471975511965979,9258,delta_theta,0.004814269486814737,0.005498625338077545,0.0006843558512628078,0.08734329044818878,0.08646303415298462,0.989921878478733,0.002606356982141733
2212,proton,gen_phi,1,-2.0943951023931957,-1.0471975511965979,9258,delta_phi,-0.002363993087783456,0.003804579144343734,0.00616857223212719,0.327534556388855,0.3408253788948059,1.0405783824842343,0.015438308008015156
2212,proton,gen_phi,2,-1.0471975511965979,0.0,9581,delta_p,-0.40655869245529175,-0.43326321244239807,0.026704519987106323,1.1557081937789917,1.1903526782989502,1.0299768442470554,0.03801722452044487
2212,proton,gen_phi,2,-1.0471975511965979,0.0,9581,delta_theta,0.006363962776958942,0.00790506973862648,0.0015411069616675377,0.08112820237874985,0.08222609013319016,1.0135327509084298,0.0024905558675527573
2212,proton,gen_phi,2,-1.0471975511965979,0.0,9581,delta_phi,0.00219169445335865,0.001124073751270771,0.0010676207020878792,0.2967264950275421,0.33421432971954346,1.1263380093123188,0.02194613218307495
2212,proton,gen_phi,3,0.0,1.0471975511965974,9399,delta_p,-0.4183219373226166,-0.4432287812232971,0.024906843900680542,1.1701462268829346,1.1950856447219849,1.021313078029132,0.03944627195596695
2212,proton,gen_phi,3,0.0,1.0471975511965974,9399,delta_theta,0.005596396513283253,0.007894065231084824,0.002297668717801571,0.0846000388264656,0.08565019816160202,1.0124132252148317,0.0033377474173903465
2212,proton,gen_phi,3,0.0,1.0471975511965974,9399,delta_phi,0.003437900682911277,0.007695329841226339,0.004257429391145706,0.30379968881607056,0.3393591344356537,1.1170489863177966,0.019324129447340965
2212,proton,gen_phi,4,1.0471975511965974,2.094395102393195,9111,delta_p,-0.430822491645813,-0.46784353256225586,0.03702104091644287,1.1896274089813232,1.2311906814575195,1.0349380588934034,0.04685535281896591
2212,proton,gen_phi,4,1.0471975511965974,2.094395102393195,9111,delta_theta,0.007555327843874693,0.008755654096603394,0.0012003262527287006,0.08559181541204453,0.08507395535707474,0.993949654502866,0.002658405341207981
2212,proton,gen_phi,4,1.0471975511965974,2.094395102393195,9111,delta_phi,0.0011280146427452564,0.005685081239789724,0.004557066597044468,0.3151187300682068,0.34445443749427795,1.0930941408012196,0.017948579043149948
2212,proton,gen_phi,5,2.094395102393195,3.141592653589793,9199,delta_p,-0.41645312309265137,-0.4115973114967346,0.004855811595916748,1.1615593433380127,1.1514443159103394,0.9912918547935696,0.033466923981904984
2212,proton,gen_phi,5,2.094395102393195,3.141592653589793,9199,delta_theta,0.007182875648140907,0.007915088906884193,0.0007322132587432861,0.08397693932056427,0.08332651108503342,0.9922546803825752,0.0023495659697800875
2212,proton,gen_phi,5,2.094395102393195,3.141592653589793,9199,delta_phi,0.0008161957375705242,0.006481308490037918,0.005665112752467394,0.3203630745410919,0.33808693289756775,1.0553242859897776,0.0174079779535532
