generated_pid,generated_species,bin_index,p_low_gev,p_high_gev,upper_edge_inclusive,n,reconstructed_pid,observed_count,coatjava_fraction,coatjava_standard_error,fm_mean_probability,fm_mean_standard_error,signed_difference_fm_minus_coatjava,absolute_difference
-211,pi-,0,0.0,1.0,False,1554,-2212,2,0.001287001287001287,0.00090946153284367,0.0033149045432937785,6.96710971805564e-05,0.0020279032562924917,0.0020279032562924917
-211,pi-,0,0.0,1.0,False,1554,-321,15,0.009652509652509652,0.002480209791786323,0.0018995784307118257,4.9036974723573125e-05,-0.007752931221797827,0.007752931221797827
-211,pi-,0,0.0,1.0,False,1554,-211,812,0.5225225225225225,0.012670782775794313,0.5255380345853158,0.009675006933968007,0.0030155120627932686,0.0030155120627932686
-211,pi-,0,0.0,1.0,False,1554,-11,0,0.0,0.0,2.1387383279372756e-06,1.7886098169627833e-07,2.1387383279372756e-06,2.1387383279372756e-06
-211,pi-,0,0.0,1.0,False,1554,11,1,0.0006435006435006435,0.000643293563642184,0.0006243000707193873,1.4155310289432593e-05,-1.920057278125616e-05,1.920057278125616e-05
-211,pi-,0,0.0,1.0,False,1554,22,144,0.09266409266409266,0.007355535242908827,0.12598791953411187,0.0025760675647452822,0.03332382687001921,0.03332382687001921
-211,pi-,0,0.0,1.0,False,1554,45,0,0.0,0.0,6.472150429006012e-05,8.387495604722912e-06,6.472150429006012e-05,6.472150429006012e-05
-211,pi-,0,0.0,1.0,False,1554,211,1,0.0006435006435006435,0.000643293563642184,0.005476358961225378,0.0003613106688945127,0.004832858317724734,0.004832858317724734
-211,pi-,0,0.0,1.0,False,1554,321,0,0.0,0.0,0.00024853124031888304,1.7730723828240795e-05,0.00024853124031888304,0.00024853124031888304
-211,pi-,0,0.0,1.0,False,1554,2112,570,0.3667953667953668,0.01222526988416014,0.32122820515564354,0.007636332346356856,-0.04556716163972324,0.04556716163972324
-211,pi-,0,0.0,1.0,False,1554,2212,9,0.005791505791505791,0.0019249035564222077,0.01558589954716152,0.001907065696674382,0.009794393755655727,0.009794393755655727
-211,pi-,0,0.0,1.0,False,1554,OTHER,0,0.0,0.0,2.940928966056942e-05,5.682771352490196e-07,2.940928966056942e-05,2.940928966056942e-05
-211,pi-,1,1.0,2.0,False,5700,-2212,64,0.011228070175438596,0.0013956071819251493,0.015548676639963049,0.00013459350658866627,0.004320606464524453,0.004320606464524453
-211,pi-,1,1.0,2.0,False,5700,-321,134,0.023508771929824562,0.002006835230964768,0.02351496614144414,0.00024012198560191178,6.194211619577061e-06,6.194211619577061e-06
-211,pi-,1,1.0,2.0,False,5700,-211,4136,0.7256140350877193,0.00591012077490269,0.7151813851274617,0.003971289091269902,-0.010432649960257612,0.010432649960257612
-211,pi-,1,1.0,2.0,False,5700,-11,1,0.00017543859649122806,0.00017542320646562792,5.148862209120596e-06,1.454745660335159e-07,-0.00017028973428210746,0.00017028973428210746
-211,pi-,1,1.0,2.0,False,5700,11,8,0.0014035087719298245,0.000495866941521816,0.0030071884434249023,2.904625443832483e-05,0.0016036796714950779,0.0016036796714950779
-211,pi-,1,1.0,2.0,False,5700,22,550,0.09649122807017543,0.003910863658725229,0.0885018104005997,0.0014181937298848497,-0.007989417669575727,0.007989417669575727
-211,pi-,1,1.0,2.0,False,5700,45,1,0.00017543859649122806,0.00017542320646562792,0.00012042209628134515,6.9900112995118895e-06,-5.50165002098829e-05,5.50165002098829e-05
-211,pi-,1,1.0,2.0,False,5700,211,13,0.0022807017543859647,0.0006318311113855111,0.006363130584638719,0.0002530474742866485,0.0040824288302527545,0.0040824288302527545
-211,pi-,1,1.0,2.0,False,5700,321,0,0.0,0.0,0.00042314838187705486,1.5194753754847731e-05,0.00042314838187705486,0.00042314838187705486
-211,pi-,1,1.0,2.0,False,5700,2112,723,0.1268421052631579,0.0044079908618120936,0.1333034495698909,0.002736113734112507,0.006461344306733008,0.006461344306733008
-211,pi-,1,1.0,2.0,False,5700,2212,70,0.012280701754385965,0.001458783807245514,0.014006719308788872,0.0009260617173474812,0.001726017554402907,0.001726017554402907
-211,pi-,1,1.0,2.0,False,5700,OTHER,0,0.0,0.0,2.3954376904639143e-05,2.775917064371722e-07,2.3954376904639143e-05,2.3954376904639143e-05
-211,pi-,2,2.0,3.0,False,6579,-2212,241,0.036631706946344426,0.002316033351828601,0.03527937239363344,0.0002262419014426028,-0.0013523345527109848,0.0013523345527109848
-211,pi-,2,2.0,3.0,False,6579,-321,334,0.05076759385924912,0.0027064476131315085,0.0756761210310217,0.0004851395570659164,0.024908527171772575,0.024908527171772575
-211,pi-,2,2.0,3.0,False,6579,-211,4535,0.6893144854841161,0.005705441566833074,0.6513756026109764,0.0031687116522706033,-0.037938882873139734,0.037938882873139734
-211,pi-,2,2.0,3.0,False,6579,-11,0,0.0,0.0,1.2657964909375719e-05,1.7998980460365083e-07,1.2657964909375719e-05,1.2657964909375719e-05
-211,pi-,2,2.0,3.0,False,6579,11,7,0.0010639914880680955,0.0004019369825244644,0.006408287635233339,4.684532685551373e-05,0.005344296147165244,0.005344296147165244
-211,pi-,2,2.0,3.0,False,6579,22,529,0.08040735674114607,0.003352476125662036,0.0905912587905269,0.0012781665040405008,0.010183902049380827,0.010183902049380827
-211,pi-,2,2.0,3.0,False,6579,45,3,0.00045599635202918376,0.0002632095847567982,0.00020260134174464984,8.617297606674751e-06,-0.0002533950102845339,0.0002533950102845339
-211,pi-,2,2.0,3.0,False,6579,211,30,0.004559963520291838,0.0008306313014008783,0.00727034426378482,0.0003006164449370442,0.0027103807434929825,0.0027103807434929825
-211,pi-,2,2.0,3.0,False,6579,321,4,0.0006079951360389116,0.00030390513944692735,0.0007291375569902727,2.3717077843435392e-05,0.00012114242095136109,0.00012114242095136109
-211,pi-,2,2.0,3.0,False,6579,2112,786,0.11947104423164615,0.003998740374358402,0.11785710995770829,0.002366962344066068,-0.001613934273937856,0.001613934273937856
-211,pi-,2,2.0,3.0,False,6579,2212,110,0.01671986624107007,0.0015807933073177774,0.01457722717503517,0.0008634920964710842,-0.0021426390660348998,0.0021426390660348998
-211,pi-,2,2.0,3.0,False,6579,OTHER,0,0.0,0.0,2.0278759960490118e-05,2.362474958354719e-07,2.0278759960490118e-05,2.0278759960490118e-05
-211,pi-,3,3.0,4.0,False,7020,-2212,386,0.05498575498575498,0.0027206690598280464,0.05592758878963422,0.00030254958636035566,0.000941833803879237,0.000941833803879237
-211,pi-,3,3.0,4.0,False,7020,-321,879,0.1252136752136752,0.003950102071477893,0.1346165999866813,0.0006863442448844095,0.009402924773006083,0.009402924773006083
-211,pi-,3,3.0,4.0,False,7020,-211,4335,0.6175213675213675,0.005800441187855974,0.5867733307103173,0.002417757056710352,-0.030748036811050206,0.030748036811050206
-211,pi-,3,3.0,4.0,False,7020,-11,0,0.0,0.0,2.6023833353140274e-05,2.4795490422300085e-07,2.6023833353140274e-05,2.6023833353140274e-05
-211,pi-,3,3.0,4.0,False,7020,11,7,0.0009971509971509972,0.000376699697333954,0.009457145909961058,5.968151718322507e-05,0.00845999491281006,0.00845999491281006
-211,pi-,3,3.0,4.0,False,7020,22,546,0.07777777777777778,0.0031965168690722256,0.08865108008488504,0.001151009292253391,0.010873302307107258,0.010873302307107258
-211,pi-,3,3.0,4.0,False,7020,45,2,0.0002849002849002849,0.00020142622408817585,0.0003120117639285197,1.1487798820338187e-05,2.7111479028234795e-05,2.7111479028234795e-05
-211,pi-,3,3.0,4.0,False,7020,211,59,0.008404558404558405,0.0010895725528601865,0.008758648392789387,0.00035994541825759704,0.00035408998823098156,0.00035408998823098156
-211,pi-,3,3.0,4.0,False,7020,321,11,0.0015669515669515669,0.00047208337270967843,0.0011476082139743188,3.657560514525255e-05,-0.0004193433529772481,0.0004193433529772481
-211,pi-,3,3.0,4.0,False,7020,2112,675,0.09615384615384616,0.0035185362637422165,0.09737226101954566,0.0019619487701947567,0.0012184148656994992,0.0012184148656994992
-211,pi-,3,3.0,4.0,False,7020,2212,120,0.017094017094017096,0.0015470683457189985,0.016939641215314643,0.0008946284866338402,-0.0001543758787024528,0.0001543758787024528
-211,pi-,3,3.0,4.0,False,7020,OTHER,0,0.0,0.0,1.806032768588576e-05,2.1308873455284586e-07,1.806032768588576e-05,1.806032768588576e-05
-211,pi-,4,4.0,5.0,False,7152,-2212,540,0.07550335570469799,0.0031240792599291282,0.07612294772816587,0.00037595319879430697,0.0006195920234678826,0.0006195920234678826
-211,pi-,4,4.0,5.0,False,7152,-321,1362,0.19043624161073824,0.004642870570297908,0.18601972195341113,0.0008393692292644755,-0.004416519657327117,0.004416519657327117
-211,pi-,4,4.0,5.0,False,7152,-211,3772,0.5274049217002237,0.005903409821492864,0.5190814791729281,0.0019156614293712598,-0.008323442527295555,0.008323442527295555
-211,pi-,4,4.0,5.0,False,7152,-11,0,0.0,0.0,4.8819289523554865e-05,3.3031888516869073e-07,4.8819289523554865e-05,4.8819289523554865e-05
-211,pi-,4,4.0,5.0,False,7152,11,50,0.006991051454138702,0.0009852219464645223,0.011892236789221544,7.032047848893133e-05,0.004901185335082842,0.004901185335082842
-211,pi-,4,4.0,5.0,False,7152,22,593,0.08291387024608501,0.0032606554023831007,0.09126751169328468,0.0011164760582024406,0.008353641447199661,0.008353641447199661
-211,pi-,4,4.0,5.0,False,7152,45,6,0.0008389261744966443,0.00034234648443373433,0.00041601033747418144,1.3585650646637582e-05,-0.00042291583702246284,0.00042291583702246284
-211,pi-,4,4.0,5.0,False,7152,211,80,0.011185682326621925,0.0012435832413535135,0.00973939482005528,0.0003923105958817647,-0.0014462875065666438,0.0014462875065666438
-211,pi-,4,4.0,5.0,False,7152,321,14,0.0019574944071588368,0.0005226500917450562,0.001576799033989039,4.881408878804442e-05,-0.0003806953731697977,0.0003806953731697977
-211,pi-,4,4.0,5.0,False,7152,2112,606,0.08473154362416108,0.003292934209392356,0.08566785006501589,0.0016975816685259545,0.0009363064408548089,0.0009363064408548089
-211,pi-,4,4.0,5.0,False,7152,2212,129,0.018036912751677854,0.001573674583908103,0.01815100673407031,0.0009032736255575477,0.00011409398239245472,0.00011409398239245472
-211,pi-,4,4.0,5.0,False,7152,OTHER,0,0.0,0.0,1.6222672072366304e-05,1.7602597220457494e-07,1.6222672072366304e-05,1.6222672072366304e-05
-211,pi-,5,5.0,6.0,False,6396,-2212,476,0.07442151344590368,0.0032817209317154462,0.09422955424224569,0.00048336187660133966,0.019808040796342005,0.019808040796342005
-211,pi-,5,5.0,6.0,False,6396,-321,1423,0.22248280175109444,0.0052005466572367124,0.21871148083891653,0.0010023217681222898,-0.003771320912177911,0.003771320912177911
-211,pi-,5,5.0,6.0,False,6396,-211,2927,0.45762976860537835,0.006229466124852326,0.4571712594257312,0.0016725536411080638,-0.00045850917964712634,0.00045850917964712634
-211,pi-,5,5.0,6.0,False,6396,-11,2,0.00031269543464665416,0.00022107448968467148,8.96387588538e-05,5.048795285156518e-07,-0.00022305667579285415,0.00022305667579285415
-211,pi-,5,5.0,6.0,False,6396,11,207,0.0323639774859287,0.002212751946528013,0.013747092330558564,8.45983821903404e-05,-0.01861688515537014,0.01861688515537014
-211,pi-,5,5.0,6.0,False,6396,22,597,0.09333958724202626,0.0036374835446720895,0.09772984413290309,0.0011940566152987867,0.004390256890876826,0.004390256890876826
-211,pi-,5,5.0,6.0,False,6396,45,9,0.0014071294559099437,0.0004687130335816581,0.0005658389296898135,1.7105118906528005e-05,-0.0008412905262201303,0.0008412905262201303
-211,pi-,5,5.0,6.0,False,6396,211,93,0.014540337711069419,0.001496760954096603,0.012107226096605547,0.0004696067235885624,-0.002433111614463872,0.002433111614463872
-211,pi-,5,5.0,6.0,False,6396,321,14,0.002188868042526579,0.0005843589972367145,0.002248523431741504,6.848493966260443e-05,5.9655389214925084e-05,5.9655389214925084e-05
-211,pi-,5,5.0,6.0,False,6396,2112,537,0.08395872420262664,0.003467657607945656,0.08057820332149804,0.0016248685685644304,-0.0033805208811285986,0.0033805208811285986
-211,pi-,5,5.0,6.0,False,6396,2212,111,0.017354596622889306,0.0016328693900963189,0.02280613457514505,0.001050009540137733,0.005451537952255742,0.005451537952255742
-211,pi-,5,5.0,6.0,False,6396,OTHER,0,0.0,0.0,1.5203557623442116e-05,1.567294699552484e-07,1.5203557623442116e-05,1.5203557623442116e-05
-211,pi-,6,6.0,7.0,False,6107,-2212,688,0.11265760602587195,0.004045869911666781,0.11646416860842325,0.0004893645363526996,0.0038065625825512983,0.0038065625825512983
-211,pi-,6,6.0,7.0,False,6107,-321,1471,0.24087113148845588,0.00547187502837657,0.24364547981526116,0.0008785681415265665,0.002774348326805287,0.002774348326805287
-211,pi-,6,6.0,7.0,False,6107,-211,2669,0.43703946291141316,0.006347246182669194,0.4283582808776016,0.0012839164562677883,-0.008681182033811574,0.008681182033811574
-211,pi-,6,6.0,7.0,False,6107,-11,1,0.0001637465203864418,0.00016373311337611218,0.0001539883151058268,7.703532714805506e-07,-9.758205280615e-06,9.758205280615e-06
-211,pi-,6,6.0,7.0,False,6107,11,154,0.025216964139512035,0.002006256337823489,0.01606612901440983,8.470587745490596e-05,-0.009150835125102206,0.009150835125102206
-211,pi-,6,6.0,7.0,False,6107,22,577,0.09448174226297691,0.0037429031726024567,0.10114312340144452,0.001119191404364289,0.006661381138467606,0.006661381138467606
-211,pi-,6,6.0,7.0,False,6107,45,2,0.0003274930407728836,0.0002315346276175648,0.000466978655509415,1.0112293433525024e-05,0.00013948561473653138,0.00013948561473653138
-211,pi-,6,6.0,7.0,False,6107,211,66,0.010807270345505158,0.0013230751288166736,0.007728137983357226,0.0002989740724753521,-0.0030791323621479324,0.0030791323621479324
-211,pi-,6,6.0,7.0,False,6107,321,14,0.002292451285410185,0.0006119807012203528,0.0018848771394964106,4.955354254867513e-05,-0.0004075741459137745,0.0004075741459137745
-211,pi-,6,6.0,7.0,False,6107,2112,421,0.068937285082692,0.003241922253818978,0.07125407652064746,0.0013527898641851113,0.002316791437955462,0.002316791437955462
-211,pi-,6,6.0,7.0,False,6107,2212,44,0.0072048468970034385,0.001082251614504436,0.012821373019817105,0.0006895989152000015,0.0056165261228136665,0.0056165261228136665
-211,pi-,6,6.0,7.0,False,6107,OTHER,0,0.0,0.0,1.3386177603058735e-05,8.771858373614759e-08,1.3386177603058735e-05,1.3386177603058735e-05
-211,pi-,7,7.0,8.0,False,4253,-2212,628,0.14766047495885257,0.005439897958048083,0.12703855239155873,0.0006255179765291537,-0.020621922567293838,0.020621922567293838
-211,pi-,7,7.0,8.0,False,4253,-321,940,0.221020456148601,0.006362555309497557,0.24369366368961642,0.001039396287486024,0.022673207541015428,0.022673207541015428
-211,pi-,7,7.0,8.0,False,4253,-211,1748,0.41100399717846225,0.007544518106801665,0.39041453236647217,0.0015823408937959452,-0.020589464811990088,0.020589464811990088
-211,pi-,7,7.0,8.0,False,4253,-11,1,0.00023512814483893723,0.00023510050059160885,0.00020904448368340138,9.106149127395863e-07,-2.608366115553585e-05,2.608366115553585e-05
-211,pi-,7,7.0,8.0,False,4253,11,52,0.012226663531624736,0.0016851359296685688,0.01623350941458218,0.00010687772284197078,0.004006845882957445,0.004006845882957445
-211,pi-,7,7.0,8.0,False,4253,22,479,0.11262638137785093,0.004847587205548407,0.12599995739489983,0.0015492698879937135,0.013373576017048902,0.013373576017048902
-211,pi-,7,7.0,8.0,False,4253,45,1,0.00023512814483893723,0.00023510050059160885,0.0003403417531019018,2.2644591220620086e-06,0.00010521360826296454,0.00010521360826296454
-211,pi-,7,7.0,8.0,False,4253,211,16,0.0037620503174229957,0.0009387417845077316,0.003852926378474279,1.8868596140009915e-05,9.08760610512831e-05,9.08760610512831e-05
-211,pi-,7,7.0,8.0,False,4253,321,7,0.0016458970138725606,0.0006215784381202571,0.001366549720517965,5.841413312168678e-06,-0.0002793472933545955,0.0002793472933545955
-211,pi-,7,7.0,8.0,False,4253,2112,377,0.08864331060427934,0.004358323723428754,0.08642958531534142,0.0017389102492847987,-0.002213725288937915,0.002213725288937915
-211,pi-,7,7.0,8.0,False,4253,2212,4,0.0009405125793557489,0.0004700350966789589,0.0044108523322273045,2.3918559572760592e-05,0.0034703397528715557,0.0034703397528715557
-211,pi-,7,7.0,8.0,False,4253,OTHER,0,0.0,0.0,1.0484818383261764e-05,6.4480359520785e-08,1.0484818383261764e-05,1.0484818383261764e-05
-211,pi-,8,8.0,9.0,False,1220,-2212,170,0.13934426229508196,0.009914695123596587,0.09489744904157171,0.001384239163647969,-0.04444681325351024,0.04444681325351024
-211,pi-,8,8.0,9.0,False,1220,-321,188,0.1540983606557377,0.010336631339955842,0.18546065405816542,0.002620348160794201,0.031362293402427716,0.031362293402427716
-211,pi-,8,8.0,9.0,False,1220,-211,364,0.2983606557377049,0.01309929214848536,0.2949930105455693,0.004107047655880393,-0.0033676451921356154,0.0033676451921356154
-211,pi-,8,8.0,9.0,False,1220,-11,3,0.002459016393442623,0.0014179671525651114,0.0002920540578550751,2.3456755019788654e-06,-0.002166962335587548,0.002166962335587548
-211,pi-,8,8.0,9.0,False,1220,11,8,0.006557377049180328,0.002310769131663424,0.009495197686335248,0.00020566192882126238,0.00293782063715492,0.00293782063715492
-211,pi-,8,8.0,9.0,False,1220,22,254,0.2081967213114754,0.011624269642018384,0.2281160282673406,0.0039537756368185645,0.01991930695586519,0.01991930695586519
-211,pi-,8,8.0,9.0,False,1220,45,0,0.0,0.0,0.0002785622611793128,1.369459593809005e-06,0.0002785622611793128,0.0002785622611793128
-211,pi-,8,8.0,9.0,False,1220,211,10,0.00819672131147541,0.002581385933382193,0.00387996988977901,2.1240242570018305e-05,-0.004316751421696401,0.004316751421696401
-211,pi-,8,8.0,9.0,False,1220,321,3,0.002459016393442623,0.0014179671525651114,0.001617951011170679,1.2267944457011441e-05,-0.0008410653822719441,0.0008410653822719441
-211,pi-,8,8.0,9.0,False,1220,2112,219,0.17950819672131146,0.010987511690110136,0.17598274474139097,0.004288985283588186,-0.003525451979920491,0.003525451979920491
-211,pi-,8,8.0,9.0,False,1220,2212,1,0.000819672131147541,0.0008193361310796632,0.004980061128525613,3.963918659158057e-05,0.004160388997378072,0.004160388997378072
-211,pi-,8,8.0,9.0,False,1220,OTHER,0,0.0,0.0,6.319081201853969e-06,7.03950017502076e-08,6.319081201853969e-06,6.319081201853969e-06
11,electron,2,2.0,3.0,False,38706,-2212,0,0.0,0.0,1.6205914865259556e-05,1.0534897830003835e-08,1.6205914865259556e-05,1.6205914865259556e-05
11,electron,2,2.0,3.0,False,38706,-321,0,0.0,0.0,5.450483221474964e-06,5.784095095503093e-09,5.450483221474964e-06,5.450483221474964e-06
11,electron,2,2.0,3.0,False,38706,-211,2,5.167157546633597e-05,3.6536377424163975e-05,0.00010920332727522307,2.1788029679228432e-07,5.75317518088871e-05,5.75317518088871e-05
11,electron,2,2.0,3.0,False,38706,-11,0,0.0,0.0,8.869450107184268e-05,1.05251189137739e-07,8.869450107184268e-05,8.869450107184268e-05
11,electron,2,2.0,3.0,False,38706,11,38698,0.9997933136981346,7.306709065958964e-05,0.9938483211440781,1.1275656212840898e-05,-0.005944992554056561,0.005944992554056561
11,electron,2,2.0,3.0,False,38706,22,0,0.0,0.0,0.0002570262150344027,2.1297753334523304e-07,0.0002570262150344027,0.0002570262150344027
11,electron,2,2.0,3.0,False,38706,45,0,0.0,0.0,0.00030611853019778745,2.63851004567129e-07,0.00030611853019778745,0.00030611853019778745
11,electron,2,2.0,3.0,False,38706,211,6,0.0001550147263990079,6.327959184451864e-05,0.00042158846643990463,7.162718321853634e-07,0.0002665737400408967,0.0002665737400408967
11,electron,2,2.0,3.0,False,38706,321,0,0.0,0.0,0.0001486310664632038,1.719291636432767e-07,0.0001486310664632038,0.0001486310664632038
11,electron,2,2.0,3.0,False,38706,2112,0,0.0,0.0,0.0009638570408817121,1.985369877420471e-06,0.0009638570408817121,0.0009638570408817121
11,electron,2,2.0,3.0,False,38706,2212,0,0.0,0.0,0.0038276805674067674,9.511001790374023e-06,0.0038276805674067674,0.0038276805674067674
11,electron,2,2.0,3.0,False,38706,OTHER,0,0.0,0.0,7.223192232539626e-06,5.304812012655333e-09,7.223192232539626e-06,7.223192232539626e-06
11,electron,3,3.0,4.0,False,35816,-2212,0,0.0,0.0,1.533768672940517e-05,2.6447905397424053e-08,1.533768672940517e-05,1.533768672940517e-05
11,electron,3,3.0,4.0,False,35816,-321,0,0.0,0.0,5.963049712375384e-06,1.11380377495125e-08,5.963049712375384e-06,5.963049712375384e-06
11,electron,3,3.0,4.0,False,35816,-211,5,0.00013960241232968505,6.242773877066727e-05,0.00011788220545413588,3.7146773758129576e-07,-2.1720206875549178e-05,2.1720206875549178e-05
11,electron,3,3.0,4.0,False,35816,-11,0,0.0,0.0,8.150862519725374e-05,9.415041550313593e-08,8.150862519725374e-05,8.150862519725374e-05
11,electron,3,3.0,4.0,False,35816,11,35806,0.9997207951753406,8.827999128210101e-05,0.9952705225888336,7.115456514945518e-06,-0.004450272586506987,0.004450272586506987
11,electron,3,3.0,4.0,False,35816,22,0,0.0,0.0,0.0003310706186954779,6.273618431268335e-07,0.0003310706186954779,0.0003310706186954779
11,electron,3,3.0,4.0,False,35816,45,0,0.0,0.0,0.00039196608009528397,6.552597621676641e-07,0.00039196608009528397,0.00039196608009528397
11,electron,3,3.0,4.0,False,35816,211,5,0.00013960241232968505,6.242773877066727e-05,0.00039720214015355465,1.3595045424379673e-06,0.0002575997278238696,0.0002575997278238696
11,electron,3,3.0,4.0,False,35816,321,0,0.0,0.0,0.00025100164085381673,7.710991749411025e-07,0.00025100164085381673,0.00025100164085381673
11,electron,3,3.0,4.0,False,35816,2112,0,0.0,0.0,0.000680506611986478,7.844101629336334e-07,0.000680506611986478,0.000680506611986478
11,electron,3,3.0,4.0,False,35816,2212,0,0.0,0.0,0.002450370438314787,3.5119288338396046e-06,0.002450370438314787,0.002450370438314787
11,electron,3,3.0,4.0,False,35816,OTHER,0,0.0,0.0,6.668309399678188e-06,1.208467912490652e-08,6.668309399678188e-06,6.668309399678188e-06
11,electron,4,4.0,5.0,False,30099,-2212,0,0.0,0.0,1.4095369239376772e-05,3.95044529958492e-08,1.4095369239376772e-05,1.4095369239376772e-05
11,electron,4,4.0,5.0,False,30099,-321,0,0.0,0.0,5.730468196080893e-06,1.4322285284139069e-08,5.730468196080893e-06,5.730468196080893e-06
11,electron,4,4.0,5.0,False,30099,-211,1,3.32236951393734e-05,3.322314322782987e-05,0.00010620367592495881,4.3448072971124224e-07,7.29799807855854e-05,7.29799807855854e-05
11,electron,4,4.0,5.0,False,30099,-11,0,0.0,0.0,7.775677050263494e-05,2.0419967393739545e-07,7.775677050263494e-05,7.775677050263494e-05
11,electron,4,4.0,5.0,False,30099,11,30097,0.9999335526097213,4.6983839203696003e-05,0.9958128598331316,1.3629153879281695e-05,-0.004120692776589663,0.004120692776589663
11,electron,4,4.0,5.0,False,30099,22,0,0.0,0.0,0.00037438283650469834,1.1013534184575741e-06,0.00037438283650469834,0.00037438283650469834
11,electron,4,4.0,5.0,False,30099,45,0,0.0,0.0,0.0004661963367662186,1.4918157384727515e-06,0.0004661963367662186,0.0004661963367662186
11,electron,4,4.0,5.0,False,30099,211,1,3.32236951393734e-05,3.322314322782987e-05,0.0003332199341942191,1.7022171449266089e-06,0.0002999962390548457,0.0002999962390548457
11,electron,4,4.0,5.0,False,30099,321,0,0.0,0.0,0.0003497516216509806,1.6302224550572917e-06,0.0003497516216509806,0.0003497516216509806
11,electron,4,4.0,5.0,False,30099,2112,0,0.0,0.0,0.000543235838265568,9.679636678110303e-07,0.000543235838265568,0.000543235838265568
11,electron,4,4.0,5.0,False,30099,2212,0,0.0,0.0,0.0019106735025573294,6.278730154614252e-06,0.0019106735025573294,0.0019106735025573294
11,electron,4,4.0,5.0,False,30099,OTHER,0,0.0,0.0,5.893616741708707e-06,1.663920062571346e-08,5.893616741708707e-06,5.893616741708707e-06
11,electron,5,5.0,6.0,False,23943,-2212,0,0.0,0.0,1.1667722915694185e-05,3.31525580847954e-08,1.1667722915694185e-05,1.1667722915694185e-05
11,electron,5,5.0,6.0,False,23943,-321,0,0.0,0.0,5.040031073548295e-06,1.268623576770907e-08,5.040031073548295e-06,5.040031073548295e-06
11,electron,5,5.0,6.0,False,23943,-211,1,4.176586058555736e-05,4.176498838289497e-05,7.965726408017036e-05,3.028623187411122e-07,3.789140349461299e-05,3.789140349461299e-05
11,electron,5,5.0,6.0,False,23943,-11,0,0.0,0.0,6.622177876726015e-05,1.9701306841842626e-07,6.622177876726015e-05,6.622177876726015e-05
11,electron,5,5.0,6.0,False,23943,11,23941,0.9999164682788289,5.906337949686239e-05,0.9967118294342704,1.1865349164655782e-05,-0.0032046388445584606,0.0032046388445584606
11,electron,5,5.0,6.0,False,23943,22,0,0.0,0.0,0.0003664397722599356,1.2365682816677103e-06,0.0003664397722599356,0.0003664397722599356
11,electron,5,5.0,6.0,False,23943,45,0,0.0,0.0,0.00045506760263765053,1.7446136249961608e-06,0.00045506760263765053,0.00045506760263765053
11,electron,5,5.0,6.0,False,23943,211,1,4.176586058555736e-05,4.176498838289497e-05,0.00021133233598729766,1.009810687579107e-06,0.0001695664754017403,0.0001695664754017403
11,electron,5,5.0,6.0,False,23943,321,0,0.0,0.0,0.0003460072166623086,1.7195956016681246e-06,0.0003460072166623086,0.0003460072166623086
11,electron,5,5.0,6.0,False,23943,2112,0,0.0,0.0,0.00043246093918583193,9.011101185794629e-07,0.00043246093918583193,0.00043246093918583193
11,electron,5,5.0,6.0,False,23943,2212,0,0.0,0.0,0.0013095789145371691,4.860307545321823e-06,0.0013095789145371691,0.0013095789145371691
11,electron,5,5.0,6.0,False,23943,OTHER,0,0.0,0.0,4.697604672874896e-06,1.3101234192511998e-08,4.697604672874896e-06,4.697604672874896e-06
11,electron,6,6.0,7.0,False,18148,-2212,0,0.0,0.0,9.926839517822425e-06,2.6931976901434123e-08,9.926839517822425e-06,9.926839517822425e-06
11,electron,6,6.0,7.0,False,18148,-321,0,0.0,0.0,4.475279267234898e-06,1.1228610740898687e-08,4.475279267234898e-06,4.475279267234898e-06
11,electron,6,6.0,7.0,False,18148,-211,0,0.0,0.0,6.301637800972764e-05,2.1826734796879514e-07,6.301637800972764e-05,6.301637800972764e-05
11,electron,6,6.0,7.0,False,18148,-11,0,0.0,0.0,5.636744637547531e-05,1.6739394881888445e-07,5.636744637547531e-05,5.636744637547531e-05
11,electron,6,6.0,7.0,False,18148,11,18148,1.0,0.0,0.9973575256326426,9.478080046907817e-06,-0.002642474367357428,0.002642474367357428
11,electron,6,6.0,7.0,False,18148,22,0,0.0,0.0,0.0003361807118347088,1.2097513627308584e-06,0.0003361807118347088,0.0003361807118347088
11,electron,6,6.0,7.0,False,18148,45,0,0.0,0.0,0.00040241374870483273,1.6540681339312482e-06,0.00040241374870483273,0.00040241374870483273
11,electron,6,6.0,7.0,False,18148,211,0,0.0,0.0,0.00015028446382797707,6.000253081660784e-07,0.00015028446382797707,0.00015028446382797707
11,electron,6,6.0,7.0,False,18148,321,0,0.0,0.0,0.00030620433392802664,1.5200662172642582e-06,0.00030620433392802664,0.00030620433392802664
11,electron,6,6.0,7.0,False,18148,2112,0,0.0,0.0,0.00036235524558398877,7.696017596599352e-07,0.00036235524558398877,0.00036235524558398877
11,electron,6,6.0,7.0,False,18148,2212,0,0.0,0.0,0.0009473623985271761,3.3689708075777963e-06,0.0009473623985271761,0.0009473623985271761
11,electron,6,6.0,7.0,False,18148,OTHER,0,0.0,0.0,3.888129042770875e-06,1.0168106902034376e-08,3.888129042770875e-06,3.888129042770875e-06
11,electron,7,7.0,8.0,False,12425,-2212,0,0.0,0.0,8.538669750723748e-06,2.3192081327293914e-08,8.538669750723748e-06,8.538669750723748e-06
11,electron,7,7.0,8.0,False,12425,-321,0,0.0,0.0,3.950707915817775e-06,1.0362285400613881e-08,3.950707915817775e-06,3.950707915817775e-06
11,electron,7,7.0,8.0,False,12425,-211,0,0.0,0.0,5.101584318594401e-05,1.787379381904436e-07,5.101584318594401e-05,5.101584318594401e-05
11,electron,7,7.0,8.0,False,12425,-11,0,0.0,0.0,4.7679048067465205e-05,1.448810912399087e-07,4.7679048067465205e-05,4.7679048067465205e-05
11,electron,7,7.0,8.0,False,12425,11,12425,1.0,0.0,0.9978709478733285,7.795923804517398e-06,-0.0021290521266714713,0.0021290521266714713
11,electron,7,7.0,8.0,False,12425,22,0,0.0,0.0,0.0002954447539127385,1.0785538544739355e-06,0.0002954447539127385,0.0002954447539127385
11,electron,7,7.0,8.0,False,12425,45,0,0.0,0.0,0.0003313364382384446,1.449658158364702e-06,0.0003313364382384446,0.0003313364382384446
11,electron,7,7.0,8.0,False,12425,211,0,0.0,0.0,0.00011473383982344934,4.5150893478185566e-07,0.00011473383982344934,0.00011473383982344934
11,electron,7,7.0,8.0,False,12425,321,0,0.0,0.0,0.0002521349068380184,1.2875095974526814e-06,0.0002521349068380184,0.0002521349068380184
11,electron,7,7.0,8.0,False,12425,2112,0,0.0,0.0,0.00031395249501371035,6.43308093579301e-07,0.00031395249501371035,0.00031395249501371035
11,electron,7,7.0,8.0,False,12425,2212,0,0.0,0.0,0.0007069893288791509,2.593010378677468e-06,0.0007069893288791509,0.0007069893288791509
11,electron,7,7.0,8.0,False,12425,OTHER,0,0.0,0.0,3.276195513372773e-06,8.671967594487759e-09,3.276195513372773e-06,3.276195513372773e-06
11,electron,8,8.0,9.0,False,6424,-2212,0,0.0,0.0,7.21925752363185e-06,1.7983115339924056e-08,7.21925752363185e-06,7.21925752363185e-06
11,electron,8,8.0,9.0,False,6424,-321,0,0.0,0.0,3.357952056545278e-06,9.32753453521699e-09,3.357952056545278e-06,3.357952056545278e-06
11,electron,8,8.0,9.0,False,6424,-211,0,0.0,0.0,4.009978891497198e-05,1.4248167733363888e-07,4.009978891497198e-05,4.009978891497198e-05
11,electron,8,8.0,9.0,False,6424,-11,0,0.0,0.0,3.908785267491046e-05,1.1040965199454323e-07,3.908785267491046e-05,3.908785267491046e-05
11,electron,8,8.0,9.0,False,6424,11,6424,1.0,0.0,0.9983254766850216,5.4891555243658165e-06,-0.0016745233149784156,0.0016745233149784156
11,electron,8,8.0,9.0,False,6424,22,0,0.0,0.0,0.0002521175133840697,8.148602299750623e-07,0.0002521175133840697,0.0002521175133840697
11,electron,8,8.0,9.0,False,6424,45,0,0.0,0.0,0.00025114114224228953,1.131976438311354e-06,0.00025114114224228953,0.00025114114224228953
11,electron,8,8.0,9.0,False,6424,211,0,0.0,0.0,8.633722017806699e-05,3.229456461128414e-07,8.633722017806699e-05,8.633722017806699e-05
11,electron,8,8.0,9.0,False,6424,321,0,0.0,0.0,0.00019106279124477294,9.465104810131254e-07,0.00019106279124477294,0.00019106279124477294
11,electron,8,8.0,9.0,False,6424,2112,0,0.0,0.0,0.00028210309346549063,4.406431093465982e-07,0.00028210309346549063,0.00028210309346549063
11,electron,8,8.0,9.0,False,6424,2212,0,0.0,0.0,0.0005192855199425847,1.7198416838183085e-06,0.0005192855199425847,0.0005192855199425847
11,electron,8,8.0,9.0,False,6424,OTHER,0,0.0,0.0,2.7112234856897478e-06,6.945752544332991e-09,2.7112234856897478e-06,2.7112234856897478e-06
11,electron,9,9.0,11.0,True,2098,-2212,0,0.0,0.0,6.327124623475312e-06,1.2107427918995268e-08,6.327124623475312e-06,6.327124623475312e-06
11,electron,9,9.0,11.0,True,2098,-321,0,0.0,0.0,2.780097272991825e-06,8.742073230537908e-09,2.780097272991825e-06,2.780097272991825e-06
11,electron,9,9.0,11.0,True,2098,-211,0,0.0,0.0,3.151239376717323e-05,1.1643155020581837e-07,3.151239376717323e-05,3.151239376717323e-05
11,electron,9,9.0,11.0,True,2098,-11,0,0.0,0.0,3.315688817963346e-05,7.149829508436208e-08,3.315688817963346e-05,3.315688817963346e-05
11,electron,9,9.0,11.0,True,2098,11,2098,1.0,0.0,0.9985747855827851,2.9101265642582744e-06,-0.0014252144172148817,0.0014252144172148817
11,electron,9,9.0,11.0,True,2098,22,0,0.0,0.0,0.00023417470058399847,4.708477785422681e-07,0.00023417470058399847,0.00023417470058399847
11,electron,9,9.0,11.0,True,2098,45,0,0.0,0.0,0.00018745701628836698,8.625658993433345e-07,0.00018745701628836698,0.00018745701628836698
11,electron,9,9.0,11.0,True,2098,211,0,0.0,0.0,6.772213021761718e-05,2.2100385744094857e-07,6.772213021761718e-05,6.772213021761718e-05
11,electron,9,9.0,11.0,True,2098,321,0,0.0,0.0,0.00015044238191766392,6.18966525396353e-07,0.00015044238191766392,0.00015044238191766392
11,electron,9,9.0,11.0,True,2098,2112,0,0.0,0.0,0.0002964045586770496,7.85040994701693e-07,0.0002964045586770496,0.0002964045586770496
11,electron,9,9.0,11.0,True,2098,2212,0,0.0,0.0,0.0004129568129719978,8.938731063249879e-07,0.0004129568129719978,0.0004129568129719978
11,electron,9,9.0,11.0,True,2098,OTHER,0,0.0,0.0,2.28204990768337e-06,5.269725207402424e-09,2.28204990768337e-06,2.28204990768337e-06
211,pi+,0,0.0,1.0,False,3118,-2212,0,0.0,0.0,1.4052870400843821e-05,5.533237641401582e-07,1.4052870400843821e-05,1.4052870400843821e-05
211,pi+,0,0.0,1.0,False,3118,-321,0,0.0,0.0,2.6561814396915626e-05,1.6104288097341729e-06,2.6561814396915626e-05,2.6561814396915626e-05
211,pi+,0,0.0,1.0,False,3118,-211,2,0.0006414368184733803,0.00045341883428239233,0.002158672362915849,0.0002363139004273547,0.001517235544442469,0.001517235544442469
211,pi+,0,0.0,1.0,False,3118,-11,4,0.0012828736369467607,0.0006410252452398127,8.400914405329466e-05,8.350129672161234e-07,-0.001198864492893466,0.001198864492893466
211,pi+,0,0.0,1.0,False,3118,11,0,0.0,0.0,3.258864077719927e-06,2.1920636158808687e-07,3.258864077719927e-06,3.258864077719927e-06
211,pi+,0,0.0,1.0,False,3118,22,26,0.008338678640153944,0.0016285168268657592,0.02021500352510825,0.00013913276765000184,0.011876324884954307,0.011876324884954307
211,pi+,0,0.0,1.0,False,3118,45,4,0.0012828736369467607,0.0006410252452398127,0.0014121114632577442,1.0975000976609026e-05,0.00012923782631098354,0.00012923782631098354
211,pi+,0,0.0,1.0,False,3118,211,2974,0.9538165490699166,0.003758699116390342,0.9314100651442049,0.001795504503508093,-0.022406483925711762,0.022406483925711762
211,pi+,0,0.0,1.0,False,3118,321,17,0.005452212957023733,0.0013187460673504737,0.005708987643088574,4.4858941617226306e-05,0.00025677468606484077,0.00025677468606484077
211,pi+,0,0.0,1.0,False,3118,2112,44,0.014111610006414367,0.002112341364209024,0.020115218735810767,0.0001712949109607061,0.0060036087293964,0.0060036087293964
211,pi+,0,0.0,1.0,False,3118,2212,47,0.015073765234124438,0.0021821001085726766,0.018848580772575705,0.0014467089871657585,0.003774815538451267,0.003774815538451267
211,pi+,0,0.0,1.0,False,3118,OTHER,0,0.0,0.0,3.476340197622846e-06,1.8464556897976806e-07,3.476340197622846e-06,3.476340197622846e-06
211,pi+,1,1.0,2.0,False,7438,-2212,0,0.0,0.0,3.670582300369501e-05,5.001170599212438e-07,3.670582300369501e-05,3.670582300369501e-05
211,pi+,1,1.0,2.0,False,7438,-321,0,0.0,0.0,7.64586306259367e-05,1.997657696668928e-06,7.64586306259367e-05,7.64586306259367e-05
211,pi+,1,1.0,2.0,False,7438,-211,17,0.002285560634579188,0.0005536960374163894,0.00323577243250564,0.00020480565574356366,0.0009502117979264518,0.0009502117979264518
211,pi+,1,1.0,2.0,False,7438,-11,18,0.0024200053777897286,0.0005697101332182267,0.0008649079741347518,7.220131900010927e-06,-0.0015550974036549767,0.0015550974036549767
211,pi+,1,1.0,2.0,False,7438,11,0,0.0,0.0,1.1030982271771296e-05,1.847743164943159e-07,1.1030982271771296e-05,1.1030982271771296e-05
211,pi+,1,1.0,2.0,False,7438,22,358,0.04813121806937349,0.0024818405788548854,0.04453664346560275,0.00026614876694829444,-0.003594574603770738,0.003594574603770738
211,pi+,1,1.0,2.0,False,7438,45,29,0.0038988975531056734,0.0007225943064581541,0.005770889962895649,2.711193033726641e-05,0.0018719924097899757,0.0018719924097899757
211,pi+,1,1.0,2.0,False,7438,211,6418,0.8628663619252487,0.003988555882705101,0.8570336649922089,0.001158560596836273,-0.005832696933039783,0.005832696933039783
211,pi+,1,1.0,2.0,False,7438,321,192,0.02581339069642377,0.0018387196536353506,0.028413461514506473,0.00014741574838831096,0.0026000708180827017,0.0026000708180827017
211,pi+,1,1.0,2.0,False,7438,2112,247,0.033207851573003495,0.002077585281821497,0.034221202828256504,0.00021374434391842226,0.0010133512552530088,0.0010133512552530088
211,pi+,1,1.0,2.0,False,7438,2212,159,0.021376714170475934,0.0016770660249285285,0.02579260387224513,0.0008737884452863784,0.0044158897017691975,0.0044158897017691975
211,pi+,1,1.0,2.0,False,7438,OTHER,0,0.0,0.0,6.657987537966751e-06,1.3918497458942833e-07,6.657987537966751e-06,6.657987537966751e-06
211,pi+,2,2.0,3.0,False,7854,-2212,0,0.0,0.0,7.134390769116434e-05,5.263108197431014e-07,7.134390769116434e-05,7.134390769116434e-05
211,pi+,2,2.0,3.0,False,7854,-321,0,0.0,0.0,0.00017413020528289421,3.623615929884763e-06,0.00017413020528289421,0.00017413020528289421
211,pi+,2,2.0,3.0,False,7854,-211,30,0.0038197097020626434,0.0006960472193631839,0.005810785119359659,0.0002899772363087813,0.0019910754172970157,0.0019910754172970157
211,pi+,2,2.0,3.0,False,7854,-11,23,0.0029284441049146934,0.0006097280637245492,0.005364809799630977,3.346015937521044e-05,0.0024363656947162834,0.0024363656947162834
211,pi+,2,2.0,3.0,False,7854,11,0,0.0,0.0,2.5142792043355694e-05,2.0570274665804444e-07,2.5142792043355694e-05,2.5142792043355694e-05
211,pi+,2,2.0,3.0,False,7854,22,491,0.06251591545709193,0.002731692440962362,0.0724427205555972,0.0004221288790315412,0.00992680509850527,0.00992680509850527
211,pi+,2,2.0,3.0,False,7854,45,110,0.014005602240896359,0.0013259973902833358,0.014807761572042884,4.362511136886762e-05,0.0008021593311465253,0.0008021593311465253
211,pi+,2,2.0,3.0,False,7854,211,6076,0.7736185383244206,0.004722135181021293,0.7267939024221846,0.001158005138638581,-0.04682463590223607,0.04682463590223607
211,pi+,2,2.0,3.0,False,7854,321,423,0.05385790679908327,0.002547167289600381,0.0805390522979401,0.00025722506128877357,0.026681145498856834,0.026681145498856834
211,pi+,2,2.0,3.0,False,7854,2112,368,0.046855105678635094,0.002384583174803358,0.050582223347247574,0.0003189329077705982,0.00372711766861248,0.00372711766861248
211,pi+,2,2.0,3.0,False,7854,2212,333,0.04239877769289534,0.0022736497612769867,0.04337925149964063,0.000916613357455533,0.0009804738067452912,0.0009804738067452912
211,pi+,2,2.0,3.0,False,7854,OTHER,0,0.0,0.0,8.877168346635033e-06,8.93973797555365e-08,8.877168346635033e-06,8.877168346635033e-06
211,pi+,3,3.0,4.0,False,8147,-2212,1,0.00012274456855284154,0.00012273703520711052,0.00010558612817922705,6.912447175754842e-07,-1.7158440373614487e-05,1.7158440373614487e-05
211,pi+,3,3.0,4.0,False,8147,-321,2,0.0002454891371056831,0.00017356572538171098,0.00028307284180509356,5.936654261179378e-06,3.7583704699410475e-05,3.7583704699410475e-05
211,pi+,3,3.0,4.0,False,8147,-211,43,0.0052780164477721865,0.0008027630410523954,0.0073274586111979545,0.00034156306611607683,0.002049442163425768,0.002049442163425768
211,pi+,3,3.0,4.0,False,8147,-11,14,0.0017184239597397815,0.00045887334326799367,0.01730208456065487,8.07923460297294e-05,0.015583660600915088,0.015583660600915088
211,pi+,3,3.0,4.0,False,8147,11,0,0.0,0.0,3.954419860197935e-05,2.51995047705303e-07,3.954419860197935e-05,3.954419860197935e-05
211,pi+,3,3.0,4.0,False,8147,22,655,0.08039769240211121,0.0030124715901472497,0.08951483316567722,0.0005258289965530003,0.009117140763566012,0.009117140763566012
211,pi+,3,3.0,4.0,False,8147,45,199,0.024426169142015466,0.0017102472192303442,0.024360816600481356,5.539876529149486e-05,-6.535254153411038e-05,6.535254153411038e-05
211,pi+,3,3.0,4.0,False,8147,211,5266,0.6463728979992636,0.005296823260726162,0.6078147018092592,0.0009695111023517539,-0.038558196190004335,0.038558196190004335
211,pi+,3,3.0,4.0,False,8147,321,1151,0.14127899840432062,0.003858921888420962,0.1375460268846608,0.0003429059336150398,-0.0037329715196598168,0.0037329715196598168
211,pi+,3,3.0,4.0,False,8147,2112,411,0.05044801767521787,0.002424837093830004,0.059268054984600485,0.0003917488202207293,0.008820037309382613,0.008820037309382613
211,pi+,3,3.0,4.0,False,8147,2212,405,0.049711550263900825,0.0024080057555884104,0.0564285775773914,0.0008638984320357033,0.006717027313490574,0.006717027313490574
211,pi+,3,3.0,4.0,False,8147,OTHER,0,0.0,0.0,9.242046243212844e-06,9.745687926867248e-08,9.242046243212844e-06,9.242046243212844e-06
211,pi+,4,4.0,5.0,False,8181,-2212,4,0.0004889377826671556,0.0002444091189876151,0.00013284012887445184,7.047752982230963e-07,-0.0003560976537927038,0.0003560976537927038
211,pi+,4,4.0,5.0,False,8181,-321,9,0.0011001100110011,0.00036650157448880644,0.00037934046180499397,8.254400227949024e-06,-0.0007207695491961061,0.0007207695491961061
211,pi+,4,4.0,5.0,False,8181,-211,72,0.0088008800880088,0.0010326194700924888,0.008352448450037395,0.0003761421447683631,-0.00044843163797140574,0.00044843163797140574
211,pi+,4,4.0,5.0,False,8181,-11,133,0.016257181273682923,0.0013981707596044117,0.03584456287294923,0.00013988934375283363,0.019587381599266308,0.019587381599266308
211,pi+,4,4.0,5.0,False,8181,11,0,0.0,0.0,5.137782683449869e-05,2.7458494170235563e-07,5.137782683449869e-05,5.137782683449869e-05
211,pi+,4,4.0,5.0,False,8181,22,710,0.08678645642342012,0.003112497086472112,0.09920983946584042,0.0006041523822932277,0.0124233830424203,0.0124233830424203
211,pi+,4,4.0,5.0,False,8181,45,334,0.040826304852707496,0.0021878395591948823,0.03105596512762809,6.734381339194323e-05,-0.009770339725079406,0.009770339725079406
211,pi+,4,4.0,5.0,False,8181,211,4341,0.5306197286395307,0.005517608933097242,0.5189519630162877,0.000807450305817724,-0.01166776562324301,0.01166776562324301
211,pi+,4,4.0,5.0,False,8181,321,1662,0.20315364869820315,0.0044483239904783,0.17723365938715577,0.0004195483660069142,-0.025919989311047387,0.025919989311047387
211,pi+,4,4.0,5.0,False,8181,2112,489,0.05977264393105977,0.00262098465530106,0.06327241284586284,0.00045834555251848325,0.003499768914803067,0.003499768914803067
211,pi+,4,4.0,5.0,False,8181,2212,427,0.052194108299718864,0.0024590493629711705,0.0655073504815284,0.0008318564957488289,0.013313242181809543,0.013313242181809543
211,pi+,4,4.0,5.0,False,8181,OTHER,0,0.0,0.0,8.240202513306005e-06,6.470022195595159e-08,8.240202513306005e-06,8.240202513306005e-06
211,pi+,5,5.0,6.0,False,7698,-2212,1,0.00012990387113535984,0.00012989543335345782,0.00015860166333605164,6.759088690858962e-07,2.8697792200691792e-05,2.8697792200691792e-05
211,pi+,5,5.0,6.0,False,7698,-321,8,0.0010392309690828788,0.0003672326640918056,0.0004502362550163423,1.0164463341910304e-05,-0.0005889947140665364,0.0005889947140665364
211,pi+,5,5.0,6.0,False,7698,-211,67,0.008703559366069109,0.0010586716125996268,0.00852545869200397,0.0003952294448716288,-0.00017810067406513926,0.00017810067406513926
211,pi+,5,5.0,6.0,False,7698,-11,781,0.10145492335671603,0.0034412604612853235,0.05960731286928593,0.00020220518282768857,-0.041847610487430104,0.041847610487430104
211,pi+,5,5.0,6.0,False,7698,11,0,0.0,0.0,6.222614474708388e-05,2.99282146963289e-07,6.222614474708388e-05,6.222614474708388e-05
211,pi+,5,5.0,6.0,False,7698,22,813,0.10561184723304755,0.003502921338764133,0.10216594755973316,0.0006652543946401013,-0.0034458996733143926,0.0034458996733143926
211,pi+,5,5.0,6.0,False,7698,45,258,0.03351519875292284,0.002051301325314636,0.03519434342826224,7.936224941141539e-05,0.001679144675339403,0.001679144675339403
211,pi+,5,5.0,6.0,False,7698,211,3288,0.4271239282930631,0.0056379125994608075,0.4599150274249912,0.00072120882152928,0.03279109913192807,0.03279109913192807
211,pi+,5,5.0,6.0,False,7698,321,1648,0.214081579631073,0.004675084133100037,0.19961784739133429,0.00047174397929541966,-0.014463732239738708,0.014463732239738708
211,pi+,5,5.0,6.0,False,7698,2112,401,0.05209145232527929,0.0025326635455504244,0.062250668328873875,0.0005055671788643199,0.010159216003594582,0.010159216003594582
211,pi+,5,5.0,6.0,False,7698,2212,433,0.05624837620161081,0.0026260010617955632,0.0720454406510544,0.0008111814386570243,0.015797064449443586,0.015797064449443586
211,pi+,5,5.0,6.0,False,7698,OTHER,0,0.0,0.0,6.889662228055763e-06,4.0925301912036305e-08,6.889662228055763e-06,6.889662228055763e-06
211,pi+,6,6.0,7.0,False,7337,-2212,3,0.0004088864658579801,0.00023602244313717922,0.0001855771041431912,5.339572444113615e-07,-0.00022330936171478889,0.00022330936171478889
211,pi+,6,6.0,7.0,False,7337,-321,7,0.000954068420335287,0.00036043190622845527,0.00040578529892511657,7.235339270184257e-06,-0.0005482831214101704,0.0005482831214101704
211,pi+,6,6.0,7.0,False,7337,-211,42,0.005724410522011721,0.0008807639179787021,0.005076978890050692,0.0002787206825523143,-0.000647431631961029,0.000647431631961029
211,pi+,6,6.0,7.0,False,7337,-11,918,0.1251192585525419,0.0038625778867590966,0.08738947737132344,0.00022433402138243572,-0.037729781181218475,0.037729781181218475
211,pi+,6,6.0,7.0,False,7337,11,1,0.0001362954886193267,0.00013628620007271017,7.180504190543914e-05,3.192029842158265e-07,-6.449044671388756e-05,6.449044671388756e-05
211,pi+,6,6.0,7.0,False,7337,22,715,0.09745127436281859,0.0034623409357053244,0.1046032571571837,0.0006797577838190936,0.0071519827943651165,0.0071519827943651165
211,pi+,6,6.0,7.0,False,7337,45,297,0.04047976011994003,0.0023008418895374846,0.03800431445697433,8.28397622908788e-05,-0.002475445662965696,0.002475445662965696
211,pi+,6,6.0,7.0,False,7337,211,2886,0.39334878015537683,0.005702944982920114,0.4226519354048259,0.0006311831653837223,0.029303155249449042,0.029303155249449042
211,pi+,6,6.0,7.0,False,7337,321,1544,0.21044023442824042,0.004758801980287396,0.20935529307611422,0.00042795225860929516,-0.0010849413521261952,0.0010849413521261952
211,pi+,6,6.0,7.0,False,7337,2112,387,0.05274635409567943,0.0026095769412087483,0.059892749940628445,0.000510495161068338,0.007146395844949013,0.007146395844949013
211,pi+,6,6.0,7.0,False,7337,2212,537,0.07319067738857844,0.0030406317117475552,0.07235725016047685,0.0006083203493958386,-0.0008334272281015909,0.0008334272281015909
211,pi+,6,6.0,7.0,False,7337,OTHER,0,0.0,0.0,5.575090852371267e-06,1.9375754934040107e-08,5.575090852371267e-06,5.575090852371267e-06
211,pi+,7,7.0,8.0,False,5501,-2212,0,0.0,0.0,0.00021645888253950404,7.432345614844344e-07,0.00021645888253950404,0.00021645888253950404
211,pi+,7,7.0,8.0,False,5501,-321,0,0.0,0.0,0.00034254546061906403,8.097880230384203e-07,0.00034254546061906403,0.00034254546061906403
211,pi+,7,7.0,8.0,False,5501,-211,4,0.0007271405199054717,0.000363438052581109,0.0015393317920513725,3.910928230787813e-06,0.0008121912721459008,0.0008121912721459008
211,pi+,7,7.0,8.0,False,5501,-11,734,0.13343028540265406,0.0045846706064974685,0.11448076596746681,0.00016902242405385844,-0.018949519435187245,0.018949519435187245
211,pi+,7,7.0,8.0,False,5501,11,0,0.0,0.0,7.350412073985304e-05,4.2385667865986747e-07,7.350412073985304e-05,7.350412073985304e-05
211,pi+,7,7.0,8.0,False,5501,22,734,0.13343028540265406,0.0045846706064974685,0.1260934934166318,0.0007959299143309654,-0.007336791986022245,0.007336791986022245
211,pi+,7,7.0,8.0,False,5501,45,229,0.04162879476458826,0.002693041057004021,0.03756975602657226,9.584027726517834e-05,-0.0040590387380159965,0.0040590387380159965
211,pi+,7,7.0,8.0,False,5501,211,1906,0.3464824577349573,0.006415764705787269,0.379660330183223,0.000700285271008388,0.0331778724482657,0.0331778724482657
211,pi+,7,7.0,8.0,False,5501,321,1017,0.1848754771859662,0.005233964962053208,0.20182865033245503,0.0004210049347506333,0.016953173146488837,0.016953173146488837
211,pi+,7,7.0,8.0,False,5501,2112,364,0.06616978731139793,0.003351529198077057,0.06944902635666537,0.0006204640993674516,0.003279239045267446,0.003279239045267446
211,pi+,7,7.0,8.0,False,5501,2212,513,0.09325577167787676,0.003920662308003749,0.06874164386803595,0.00010446737944753608,-0.024514127809840802,0.024514127809840802
211,pi+,7,7.0,8.0,False,5501,OTHER,0,0.0,0.0,4.493003012768536e-06,1.635115033099994e-08,4.493003012768536e-06,4.493003012768536e-06
211,pi+,8,8.0,9.0,False,1725,-2212,1,0.0005797101449275362,0.000579542088641956,0.000208593586673184,1.7591801993272447e-06,-0.00037111655825435225,0.00037111655825435225
211,pi+,8,8.0,9.0,False,1725,-321,0,0.0,0.0,0.00033021052549356945,1.9175163067554627e-06,0.00033021052549356945,0.00033021052549356945
211,pi+,8,8.0,9.0,False,1725,-211,3,0.0017391304347826088,0.0010032139252302555,0.0013010430369067235,7.860736990036276e-06,-0.0004380873978758852,0.0004380873978758852
211,pi+,8,8.0,9.0,False,1725,-11,220,0.12753623188405797,0.008031486639899449,0.1294183391548585,0.00025845504580377895,0.0018821072708005426,0.0018821072708005426
211,pi+,8,8.0,9.0,False,1725,11,0,0.0,0.0,4.985877363756974e-05,8.222636440993167e-07,4.985877363756974e-05,4.985877363756974e-05
211,pi+,8,8.0,9.0,False,1725,22,304,0.17623188405797102,0.009173819304809948,0.185436663346878,0.0011114101010102416,0.009204779288906978,0.009204779288906978
211,pi+,8,8.0,9.0,False,1725,45,71,0.04115942028985507,0.0047831420399819195,0.03019453784585863,0.0001354724184058152,-0.010964882443996442,0.010964882443996442
211,pi+,8,8.0,9.0,False,1725,211,537,0.31130434782608696,0.011148378730525087,0.30895004991172015,0.0011874536602055198,-0.0023542979143668097,0.0023542979143668097
211,pi+,8,8.0,9.0,False,1725,321,266,0.15420289855072464,0.008695304900998095,0.16767261634702268,0.00044011525702932776,0.013469717796298047,0.013469717796298047
211,pi+,8,8.0,9.0,False,1725,2112,170,0.09855072463768116,0.00717638960178179,0.10923418174835219,0.0010530125297703214,0.010683457110671021,0.010683457110671021
211,pi+,8,8.0,9.0,False,1725,2212,153,0.08869565217391304,0.006845234604309278,0.06720086506527403,0.0001852752964179724,-0.021494787108639002,0.021494787108639002
211,pi+,8,8.0,9.0,False,1725,OTHER,0,0.0,0.0,3.0411079628259133e-06,2.9120200920523507e-08,3.0411079628259133e-06,3.0411079628259133e-06
2212,proton,0,0.0,1.0,False,3730,-2212,0,0.0,0.0,5.95049750392289e-06,5.65815928394391e-07,5.95049750392289e-06,5.95049750392289e-06
2212,proton,0,0.0,1.0,False,3730,-321,0,0.0,0.0,5.474808862191683e-06,1.2615273426353632e-06,5.474808862191683e-06,5.474808862191683e-06
2212,proton,0,0.0,1.0,False,3730,-211,0,0.0,0.0,0.00028566861469165396,6.849012400542563e-05,0.00028566861469165396,0.00028566861469165396
2212,proton,0,0.0,1.0,False,3730,-11,3,0.0008042895442359249,0.00046417000865448535,0.00018408184814469418,1.1417595660126819e-06,-0.0006202076960912307,0.0006202076960912307
2212,proton,0,0.0,1.0,False,3730,11,0,0.0,0.0,0.002141500705711565,2.5673732999436775e-05,0.002141500705711565,0.002141500705711565
2212,proton,0,0.0,1.0,False,3730,22,0,0.0,0.0,0.0007950249952470119,1.2456315053546176e-05,0.0007950249952470119,0.0007950249952470119
2212,proton,0,0.0,1.0,False,3730,45,5,0.0013404825737265416,0.0005990800991520421,0.0006731966238337177,6.979900506271499e-06,-0.0006672859498928239,0.0006672859498928239
2212,proton,0,0.0,1.0,False,3730,211,5,0.0013404825737265416,0.0005990800991520421,0.0008847144910979557,9.782771715749738e-05,-0.0004557680826285859,0.0004557680826285859
2212,proton,0,0.0,1.0,False,3730,321,8,0.0021447721179624667,0.0007574778366809569,0.00010793963451602155,4.890707920041406e-06,-0.0020368324834464453,0.0020368324834464453
2212,proton,0,0.0,1.0,False,3730,2112,20,0.005361930294906166,0.0011957453617244148,0.011812153574074282,0.00013106739841423396,0.006450223279168115,0.006450223279168115
2212,proton,0,0.0,1.0,False,3730,2212,3689,0.9890080428954423,0.0017071945209390163,0.983102136147246,0.0002517368907191335,-0.0059059067481963545,0.0059059067481963545
2212,proton,0,0.0,1.0,False,3730,OTHER,0,0.0,0.0,2.1574341850622655e-06,1.1560636775063895e-07,2.1574341850622655e-06,2.1574341850622655e-06
2212,proton,1,1.0,2.0,False,9202,-2212,0,0.0,0.0,1.7895732941421582e-05,5.381658510142369e-07,1.7895732941421582e-05,1.7895732941421582e-05
2212,proton,1,1.0,2.0,False,9202,-321,0,0.0,0.0,1.927509270165651e-05,1.6108605068159782e-06,1.927509270165651e-05,1.927509270165651e-05
2212,proton,1,1.0,2.0,False,9202,-211,2,0.00021734405564007825,0.00015366875337599856,0.000751870892378736,6.976156374342889e-05,0.0005345268367386578,0.0005345268367386578
2212,proton,1,1.0,2.0,False,9202,-11,22,0.0023907846120408607,0.0005091073155493751,0.0006454812064009336,2.7915024218353075e-06,-0.0017453034056399272,0.0017453034056399272
2212,proton,1,1.0,2.0,False,9202,11,0,0.0,0.0,0.005109482093562137,3.215360120935368e-05,0.005109482093562137,0.005109482093562137
2212,proton,1,1.0,2.0,False,9202,22,16,0.001738752445120626,0.0004343100393571094,0.00767455220479442,7.37804790697323e-05,0.005935799759673795,0.005935799759673795
2212,proton,1,1.0,2.0,False,9202,45,44,0.004781569224081721,0.0007191232239614519,0.005347325031755306,2.9846514794862695e-05,0.0005657558076735845,0.0005657558076735845
2212,proton,1,1.0,2.0,False,9202,211,30,0.0032601608346011736,0.0005942501595388093,0.0031924104814565323,9.919646335715815e-05,-6.775035314464124e-05,6.775035314464124e-05
2212,proton,1,1.0,2.0,False,9202,321,18,0.0019560965007607042,0.0004606052106739821,0.0009320234602447748,8.03090462209552e-06,-0.0010240730405159295,0.0010240730405159295
2212,proton,1,1.0,2.0,False,9202,2112,538,0.05846555096718105,0.0024458342158983053,0.03612953017888215,0.0003006818809184158,-0.022336020788298896,0.022336020788298896
2212,proton,1,1.0,2.0,False,9202,2212,8532,0.9271897413605737,0.0027085663665963023,0.9401746901370369,0.00042495146087632535,0.012984948776463168,0.012984948776463168
2212,proton,1,1.0,2.0,False,9202,OTHER,0,0.0,0.0,5.465098168382912e-06,7.902996071062777e-08,5.465098168382912e-06,5.465098168382912e-06
2212,proton,2,2.0,3.0,False,10040,-2212,0,0.0,0.0,3.593832262455738e-05,1.0282209398179547e-06,3.593832262455738e-05,3.593832262455738e-05
2212,proton,2,2.0,3.0,False,10040,-321,0,0.0,0.0,6.464464413289512e-05,4.090400739289052e-06,6.464464413289512e-05,6.464464413289512e-05
2212,proton,2,2.0,3.0,False,10040,-211,7,0.0006972111553784861,0.00026342916599409567,0.0020721341153065046,0.00013308356761764642,0.0013749229599280184,0.0013749229599280184
2212,proton,2,2.0,3.0,False,10040,-11,11,0.0010956175298804782,0.0003301601012253074,0.0011548959247102536,3.2159484349815716e-06,5.927839482977549e-05,5.927839482977549e-05
2212,proton,2,2.0,3.0,False,10040,11,0,0.0,0.0,0.005821023427172141,3.519151058794519e-05,0.005821023427172141,0.005821023427172141
2212,proton,2,2.0,3.0,False,10040,22,387,0.03854581673306773,0.0019212596700254195,0.026984805951406992,0.0001807570021974641,-0.011561010781660736,0.011561010781660736
2212,proton,2,2.0,3.0,False,10040,45,227,0.022609561752988047,0.0014835878186914007,0.017348465486058586,5.010993938262734e-05,-0.005261096266929461,0.005261096266929461
2212,proton,2,2.0,3.0,False,10040,211,71,0.0070717131474103585,0.0008362851848594762,0.007545243769947187,0.00018204782036281174,0.0004735306225368283,0.0004735306225368283
2212,proton,2,2.0,3.0,False,10040,321,26,0.0025896414342629482,0.0005072124419858691,0.00424705911136698,1.7383944324731817e-05,0.0016574176771040317,0.0016574176771040317
2212,proton,2,2.0,3.0,False,10040,2112,676,0.06733067729083665,0.0025009412010431366,0.06057339433888604,0.00044470391194546187,-0.006757282951950612,0.006757282951950612
2212,proton,2,2.0,3.0,False,10040,2212,8635,0.8600597609561753,0.003462332432123762,0.8741435601238711,0.0006681045992087189,0.014083799167695754,0.014083799167695754
2212,proton,2,2.0,3.0,False,10040,OTHER,0,0.0,0.0,8.834360546661556e-06,1.2563149220796721e-07,8.834360546661556e-06,8.834360546661556e-06
2212,proton,3,3.0,4.0,False,10258,-2212,0,0.0,0.0,4.274180013986269e-05,1.113523179375074e-06,4.274180013986269e-05,4.274180013986269e-05
2212,proton,3,3.0,4.0,False,10258,-321,0,0.0,0.0,9.141585062918295e-05,5.579738748090318e-06,9.141585062918295e-05,9.141585062918295e-05
2212,proton,3,3.0,4.0,False,10258,-211,27,0.002632092025736011,0.0005058792689889098,0.0026026210465420426,0.00015304173088388805,-2.9470979193968287e-05,2.9470979193968287e-05
2212,proton,3,3.0,4.0,False,10258,-11,17,0.001657243127315266,0.0004016073030534722,0.0014183593765235835,2.872553796143909e-06,-0.00023888375079168258,0.00023888375079168258
2212,proton,3,3.0,4.0,False,10258,11,0,0.0,0.0,0.00536498379263905,3.8144562333056475e-05,0.00536498379263905,0.00536498379263905
2212,proton,3,3.0,4.0,False,10258,22,564,0.05498147787093,0.002250593278989797,0.045741085001215015,0.000255938085219475,-0.009240392869714988,0.009240392869714988
2212,proton,3,3.0,4.0,False,10258,45,381,0.03714174302983038,0.0018671575824135678,0.03230510056438279,6.956414968071863e-05,-0.004836642465447592,0.004836642465447592
2212,proton,3,3.0,4.0,False,10258,211,110,0.010723337882628192,0.0010169334428308976,0.01000392473903175,0.0002151869033544494,-0.0007194131435964424,0.0007194131435964424
2212,proton,3,3.0,4.0,False,10258,321,65,0.006336517839734841,0.0007834542635637849,0.011287718435244983,3.446733307934753e-05,0.004951200595510141,0.004951200595510141
2212,proton,3,3.0,4.0,False,10258,2112,685,0.06677714954182101,0.002464763608389614,0.06611169092386211,0.00046720045431541225,-0.0006654586179589,0.0006654586179589
2212,proton,3,3.0,4.0,False,10258,2212,8409,0.8197504386820043,0.00379530418835015,0.8250208307623421,0.0007132565385215057,0.00527039208033786,0.00527039208033786
2212,proton,3,3.0,4.0,False,10258,OTHER,0,0.0,0.0,9.52657801592366e-06,9.146685789155343e-08,9.52657801592366e-06,9.52657801592366e-06
2212,proton,4,4.0,5.0,False,10333,-2212,0,0.0,0.0,4.796178068193567e-05,1.098569133012599e-06,4.796178068193567e-05,4.796178068193567e-05
2212,proton,4,4.0,5.0,False,10333,-321,2,0.00019355463079454176,0.00013685054601353275,0.00010340380541400094,6.070028724106693e-06,-9.015082538054082e-05,9.015082538054082e-05
2212,proton,4,4.0,5.0,False,10333,-211,38,0.0036775379850962934,0.0005954774633963858,0.002859613908294444,0.00015859835625934443,-0.0008179240768018494,0.0008179240768018494
2212,proton,4,4.0,5.0,False,10333,-11,26,0.002516210200329043,0.0004928481922592988,0.0015956899737528637,3.031102165489688e-06,-0.0009205202265761792,0.0009205202265761792
2212,proton,4,4.0,5.0,False,10333,11,0,0.0,0.0,0.005616250609668803,4.423767097262754e-05,0.005616250609668803,0.005616250609668803
2212,proton,4,4.0,5.0,False,10333,22,722,0.06987322171682958,0.002507917485017379,0.05957872966138761,0.0003095303834661852,-0.010294492055441973,0.010294492055441973
2212,proton,4,4.0,5.0,False,10333,45,560,0.05419529662247169,0.002227246672660265,0.04856553314194021,9.951794477691293e-05,-0.005629763480531479,0.005629763480531479
2212,proton,4,4.0,5.0,False,10333,211,139,0.013452046840220652,0.0011332874271479472,0.01181580044901858,0.00023620222406492324,-0.0016362463912020717,0.0016362463912020717
2212,proton,4,4.0,5.0,False,10333,321,225,0.02177489596438595,0.0014357678741285349,0.024358038704809522,7.986160266025827e-05,0.0025831427404235732,0.0025831427404235732
2212,proton,4,4.0,5.0,False,10333,2112,683,0.066098906416336,0.0024441866317064754,0.0642765559038681,0.0004448664642015079,-0.0018223505124679018,0.0018223505124679018
2212,proton,4,4.0,5.0,False,10333,2212,7938,0.7682183296235362,0.0041511522497816354,0.7811722950864759,0.0006553012782956949,0.012953965462939698,0.012953965462939698
2212,proton,4,4.0,5.0,False,10333,OTHER,0,0.0,0.0,1.0127687146561529e-05,7.387887123247942e-08,1.0127687146561529e-05,1.0127687146561529e-05
2212,proton,5,5.0,6.0,False,9225,-2212,1,0.00010840108401084011,0.00010839520845409925,3.326361884541168e-05,2.5703552251814735e-07,-7.513746516542843e-05,7.513746516542843e-05
2212,proton,5,5.0,6.0,False,9225,-321,0,0.0,0.0,1.3541604907679854e-05,7.465151293626736e-07,1.3541604907679854e-05,1.3541604907679854e-05
2212,proton,5,5.0,6.0,False,9225,-211,10,0.001084010840108401,0.0003426084795440615,0.0003590570010443131,2.7941802692447008e-05,-0.0007249538390640879,0.0007249538390640879
2212,proton,5,5.0,6.0,False,9225,-11,22,0.0023848238482384824,0.0005078395136732109,0.0017470705307856692,2.4746148544229433e-06,-0.0006377533174528132,0.0006377533174528132
2212,proton,5,5.0,6.0,False,9225,11,0,0.0,0.0,0.005467887909063592,5.263268232573997e-05,0.005467887909063592,0.005467887909063592
2212,proton,5,5.0,6.0,False,9225,22,748,0.0810840108401084,0.0028419885786944614,0.0735327542676189,0.00037308230802451627,-0.0075512565724894926,0.0075512565724894926
2212,proton,5,5.0,6.0,False,9225,45,741,0.08032520325203252,0.0028298269067991914,0.06410769409048282,0.0001083671988289523,-0.016217509161549695,0.016217509161549695
2212,proton,5,5.0,6.0,False,9225,211,105,0.011382113821138212,0.001104440964234743,0.008762115786422478,5.9317422389163015e-05,-0.002619998034715734,0.002619998034715734
2212,proton,5,5.0,6.0,False,9225,321,558,0.06048780487804878,0.002482000904923609,0.04261071451149659,0.00015599845395221433,-0.01787709036655219,0.01787709036655219
2212,proton,5,5.0,6.0,False,9225,2112,686,0.07436314363143631,0.002731593070843731,0.06539890737108744,0.0004509611661584026,-0.008964236260348868,0.008964236260348868
2212,proton,5,5.0,6.0,False,9225,2212,6354,0.688780487804878,0.004820483928344865,0.7379574370578053,0.000588667224358789,0.04917694925292726,0.04917694925292726
2212,proton,5,5.0,6.0,False,9225,OTHER,0,0.0,0.0,9.55614812344937e-06,5.010374609934525e-08,9.55614812344937e-06,9.55614812344937e-06
2212,proton,6,6.0,7.0,False,3217,-2212,0,0.0,0.0,1.681927830400612e-05,1.7159402056035403e-07,1.681927830400612e-05,1.681927830400612e-05
2212,proton,6,6.0,7.0,False,3217,-321,0,0.0,0.0,5.446370236902282e-06,4.351131956844216e-08,5.446370236902282e-06,5.446370236902282e-06
2212,proton,6,6.0,7.0,False,3217,-211,0,0.0,0.0,9.135247887097037e-05,1.1741771317896004e-06,9.135247887097037e-05,9.135247887097037e-05
2212,proton,6,6.0,7.0,False,3217,-11,7,0.002175940317065589,0.0008215328706947788,0.0015263712788646288,3.873352760337183e-06,-0.0006495690382009602,0.0006495690382009602
2212,proton,6,6.0,7.0,False,3217,11,0,0.0,0.0,0.001319098321143115,2.8067866874188278e-05,0.001319098321143115,0.001319098321143115
2212,proton,6,6.0,7.0,False,3217,22,404,0.12558284115635684,0.005842503177843093,0.1126381655970289,0.0006147521012533902,-0.012944675559327948,0.012944675559327948
2212,proton,6,6.0,7.0,False,3217,45,237,0.07367112216350637,0.00460580676873061,0.06510969663179547,0.0001861944853504832,-0.008561425531710895,0.008561425531710895
2212,proton,6,6.0,7.0,False,3217,211,41,0.01274479328566988,0.0019776780067404455,0.00799998279515032,1.6119816442412852e-05,-0.004744810490519559,0.004744810490519559
2212,proton,6,6.0,7.0,False,3217,321,204,0.06341311781162574,0.004296729941254649,0.04297606053075732,0.0002354064938070899,-0.02043705728086842,0.02043705728086842
2212,proton,6,6.0,7.0,False,3217,2112,369,0.11470313957102891,0.005618321458390928,0.0960530231153563,0.0007182767459869622,-0.01865011645567262,0.01865011645567262
2212,proton,6,6.0,7.0,False,3217,2212,1955,0.6077090456947467,0.008608479844507987,0.6722589835529191,0.0009210746470883386,0.06454993785817242,0.06454993785817242
2212,proton,6,6.0,7.0,False,3217,OTHER,0,0.0,0.0,5.000340552289685e-06,4.925011299600868e-08,5.000340552289685e-06,5.000340552289685e-06
