generated_pid,generated_species,bin_index,p_low_gev,p_high_gev,upper_edge_inclusive,n,reconstructed_pid,observed_count,coatjava_fraction,coatjava_standard_error,fm_mean_probability,fm_mean_standard_error,signed_difference_fm_minus_coatjava,absolute_difference
-211,pi-,0,0.0,1.0,False,1519,-2212,2,0.0013166556945358788,0.0009304030543411126,0.001427923422008466,3.766847389035895e-05,0.00011126772747258712,0.00011126772747258712
-211,pi-,0,0.0,1.0,False,1519,-321,13,0.008558262014483212,0.0023634558898155463,0.006595159392866143,0.0001515120205482808,-0.001963102621617069,0.001963102621617069
-211,pi-,0,0.0,1.0,False,1519,-211,812,0.5345622119815668,0.012798263889806098,0.5493142730958307,0.011461616620584834,0.014752061114263859,0.014752061114263859
-211,pi-,0,0.0,1.0,False,1519,-11,0,0.0,0.0,1.3886720064777356e-05,1.1061198137674915e-06,1.3886720064777356e-05,1.3886720064777356e-05
-211,pi-,0,0.0,1.0,False,1519,11,2,0.0013166556945358788,0.0009304030543411126,0.0011499598074110903,2.6986902798426595e-05,-0.00016669588712478847,0.00016669588712478847
-211,pi-,0,0.0,1.0,False,1519,22,156,0.10269914417379855,0.007788854055943316,0.09191005370656913,0.0033427646944767923,-0.010789090467229423,0.010789090467229423
-211,pi-,0,0.0,1.0,False,1519,45,1,0.0006583278472679394,0.0006581111138144056,0.00018391221037254737,1.4014774024283566e-05,-0.00047441563689539206,0.00047441563689539206
-211,pi-,0,0.0,1.0,False,1519,211,1,0.0006583278472679394,0.0006581111138144056,0.0010391656929267996,0.00010785417591497893,0.0003808378456588602,0.0003808378456588602
-211,pi-,0,0.0,1.0,False,1519,321,1,0.0006583278472679394,0.0006581111138144056,0.00011624314333064572,4.818022006162336e-06,-0.0005420847039372936,0.0005420847039372936
-211,pi-,0,0.0,1.0,False,1519,2112,508,0.3344305464121132,0.012105166662762278,0.3359167910264676,0.010066062449775473,0.0014862446143543706,0.0014862446143543706
-211,pi-,0,0.0,1.0,False,1519,2212,23,0.015141540487162607,0.0031332356115561302,0.012332544580494821,0.0012279681056013218,-0.002808995906667786,0.002808995906667786
-211,pi-,0,0.0,1.0,False,1519,OTHER,0,0.0,0.0,8.36310536120444e-08,1.2547523168602232e-09,8.36310536120444e-08,8.36310536120444e-08
-211,pi-,1,1.0,2.0,False,5776,-2212,60,0.01038781163434903,0.001334077189161475,0.011883883212730088,0.00012575931231732904,0.0014960715783810582,0.0014960715783810582
-211,pi-,1,1.0,2.0,False,5776,-321,116,0.02008310249307479,0.0018458501167817425,0.020731043737636973,0.0001687554607741015,0.0006479412445621821,0.0006479412445621821
-211,pi-,1,1.0,2.0,False,5776,-211,4099,0.7096606648199446,0.005972617653848969,0.7093266477019228,0.004992873399185343,-0.0003340171180218343,0.0003340171180218343
-211,pi-,1,1.0,2.0,False,5776,-11,0,0.0,0.0,3.378053955158857e-05,1.5020683708379526e-06,3.378053955158857e-05,3.378053955158857e-05
-211,pi-,1,1.0,2.0,False,5776,11,11,0.001904432132963989,0.0005736608625160331,0.0010626441912918005,8.803640878817126e-06,-0.0008417879416721885,0.0008417879416721885
-211,pi-,1,1.0,2.0,False,5776,22,604,0.10457063711911357,0.004026307597420636,0.10093913876730175,0.0021450820801618108,-0.0036314983518118266,0.0036314983518118266
-211,pi-,1,1.0,2.0,False,5776,45,2,0.00034626038781163435,0.00024480067487989664,0.0002620139021840932,1.2801941189330741e-05,-8.424648562754117e-05,8.424648562754117e-05
-211,pi-,1,1.0,2.0,False,5776,211,15,0.0025969529085872575,0.0006696591238354423,0.0030360984231408926,0.00017858912952970564,0.0004391455145536351,0.0004391455145536351
-211,pi-,1,1.0,2.0,False,5776,321,2,0.00034626038781163435,0.00024480067487989664,0.00020824926360285914,5.405311868278478e-06,-0.0001380111242087752,0.0001380111242087752
-211,pi-,1,1.0,2.0,False,5776,2112,798,0.13815789473684212,0.004540337272141051,0.13812227742448582,0.003294950683359317,-3.561731235629528e-05,3.561731235629528e-05
-211,pi-,1,1.0,2.0,False,5776,2212,69,0.011945983379501385,0.0014295116689273255,0.014394114292382328,0.0008446855837444906,0.0024481309128809425,0.0024481309128809425
-211,pi-,1,1.0,2.0,False,5776,OTHER,0,0.0,0.0,1.0760327616040415e-07,6.735158039721953e-10,1.0760327616040415e-07,1.0760327616040415e-07
-211,pi-,2,2.0,3.0,False,6624,-2212,250,0.03774154589371981,0.0023415074732903683,0.03467154952509158,0.0002499505047053269,-0.0030699963686282306,0.0030699963686282306
-211,pi-,2,2.0,3.0,False,6624,-321,335,0.050573671497584544,0.0026923574305695516,0.04985557371459142,0.00037601584240297745,-0.0007180977829931226,0.0007180977829931226
-211,pi-,2,2.0,3.0,False,6624,-211,4598,0.6941425120772947,0.005661398406304135,0.7003065854062649,0.00414714302456189,0.006164073328970177,0.006164073328970177
-211,pi-,2,2.0,3.0,False,6624,-11,0,0.0,0.0,4.96447327876744e-05,1.6145591171597947e-06,4.96447327876744e-05,4.96447327876744e-05
-211,pi-,2,2.0,3.0,False,6624,11,7,0.0010567632850241545,0.0003992078766781398,0.0010732508131008087,7.2874066294128575e-06,1.6487528076654162e-05,1.6487528076654162e-05
-211,pi-,2,2.0,3.0,False,6624,22,502,0.07578502415458938,0.003251756638523742,0.07600544146822392,0.0017164738211143569,0.00022041731363454942,0.00022041731363454942
-211,pi-,2,2.0,3.0,False,6624,45,1,0.00015096618357487922,0.00015095478775047538,0.0003522835354164017,1.6211793363901604e-05,0.00020131735184152248,0.00020131735184152248
-211,pi-,2,2.0,3.0,False,6624,211,33,0.004981884057971014,0.0008650717704654057,0.00469644946327247,0.00024946922765641026,-0.0002854345946985441,0.0002854345946985441
-211,pi-,2,2.0,3.0,False,6624,321,1,0.00015096618357487922,0.00015095478775047538,0.0004476293513633666,1.4007329712412563e-05,0.0002966631677884874,0.0002966631677884874
-211,pi-,2,2.0,3.0,False,6624,2112,791,0.11941425120772947,0.003984315714321204,0.11817435006870312,0.003004360601028377,-0.0012399011390263476,0.0012399011390263476
-211,pi-,2,2.0,3.0,False,6624,2212,106,0.0160024154589372,0.0015418056223323586,0.014367123387590096,0.0008450544591703892,-0.0016352920713471036,0.0016352920713471036
-211,pi-,2,2.0,3.0,False,6624,OTHER,0,0.0,0.0,1.1809106557822453e-07,7.280640027115554e-10,1.1809106557822453e-07,1.1809106557822453e-07
-211,pi-,3,3.0,4.0,False,7079,-2212,396,0.05594010453453878,0.0027313380510248743,0.05533553708588023,0.00036001134341228676,-0.0006045674486585481,0.0006045674486585481
-211,pi-,3,3.0,4.0,False,7079,-321,884,0.12487639497104111,0.0039290623383816834,0.12137827169428465,0.0008323990211755946,-0.003498123276756457,0.003498123276756457
-211,pi-,3,3.0,4.0,False,7079,-211,4254,0.6009323350755756,0.005820363390306841,0.6083536931707649,0.003471166185921223,0.00742135809518929,0.00742135809518929
-211,pi-,3,3.0,4.0,False,7079,-11,1,0.00014126289023873428,0.00014125291228426386,7.476656232593732e-05,2.0766150161991425e-06,-6.649632791279697e-05,6.649632791279697e-05
-211,pi-,3,3.0,4.0,False,7079,11,6,0.0008475773414324058,0.00034587532938657714,0.001298456783456629,8.430014585554555e-06,0.00045087944202422316,0.00045087944202422316
-211,pi-,3,3.0,4.0,False,7079,22,578,0.08164995055798842,0.003254588861199053,0.07750244041707992,0.0017684799316711125,-0.0041475101409085,0.0041475101409085
-211,pi-,3,3.0,4.0,False,7079,45,3,0.0004237886707162029,0.00024462265248228614,0.0006375653321595529,2.5506656562772316e-05,0.00021377666144335,0.00021377666144335
-211,pi-,3,3.0,4.0,False,7079,211,57,0.008051984743607854,0.0010622089879454622,0.00876993594658859,0.0003910436542982498,0.000717951202980736,0.000717951202980736
-211,pi-,3,3.0,4.0,False,7079,321,6,0.0008475773414324058,0.00034587532938657714,0.00133672514526392,5.325165398284415e-05,0.0004891478038315143,0.0004891478038315143
-211,pi-,3,3.0,4.0,False,7079,2112,746,0.10538211611809578,0.0036493564854001106,0.10559844133364667,0.002685216734377687,0.00021632521555088602,0.00021632521555088602
-211,pi-,3,3.0,4.0,False,7079,2212,148,0.020906907755332674,0.0017004776907712325,0.019714059711102478,0.000965057230746716,-0.0011928480442301957,0.0011928480442301957
-211,pi-,3,3.0,4.0,False,7079,OTHER,0,0.0,0.0,1.0723663238836613e-07,6.323388832243033e-10,1.0723663238836613e-07,1.0723663238836613e-07
-211,pi-,4,4.0,5.0,False,6908,-2212,497,0.07194557035321367,0.0031089417815591174,0.07008917758166475,0.00043262776371299583,-0.0018563927715489204,0.0018563927715489204
-211,pi-,4,4.0,5.0,False,6908,-321,1304,0.1887666473653735,0.004708248380180124,0.1922020763896658,0.0011550964584768613,0.003435429024292308,0.003435429024292308
-211,pi-,4,4.0,5.0,False,6908,-211,3662,0.5301100173711639,0.006004888315273623,0.5310032856698385,0.002899476971615474,0.0008932682986745322,0.0008932682986745322
-211,pi-,4,4.0,5.0,False,6908,-11,0,0.0,0.0,0.00012885954466603587,2.7547714892433302e-06,0.00012885954466603587,0.00012885954466603587
-211,pi-,4,4.0,5.0,False,6908,11,39,0.005645628257093225,0.0009014685261128538,0.007603144393108924,0.0001211164018973151,0.001957516136015699,0.001957516136015699
-211,pi-,4,4.0,5.0,False,6908,22,587,0.08497394325419803,0.00335492991749563,0.07812270645806367,0.001900262792741507,-0.006851236796134363,0.006851236796134363
-211,pi-,4,4.0,5.0,False,6908,45,5,0.0007237984944991314,0.0003235753618556477,0.0006798223317131378,2.6893942147415563e-05,-4.39761627859936e-05,4.39761627859936e-05
-211,pi-,4,4.0,5.0,False,6908,211,75,0.010856977417486972,0.0012468317381091234,0.010312948821471601,0.0004540152616240942,-0.000544028596015371,0.000544028596015371
-211,pi-,4,4.0,5.0,False,6908,321,17,0.002460914881297047,0.0005961246662611479,0.0019757141414156144,7.836995542627937e-05,-0.00048520073988143246,0.00048520073988143246
-211,pi-,4,4.0,5.0,False,6908,2112,606,0.08772437753329473,0.0034036666406975723,0.09029320466168199,0.002460872743879699,0.002568827128387255,0.002568827128387255
-211,pi-,4,4.0,5.0,False,6908,2212,116,0.01679212507237985,0.0015459638695763638,0.017588951355268674,0.0008960990068218346,0.000796826282888824,0.000796826282888824
-211,pi-,4,4.0,5.0,False,6908,OTHER,0,0.0,0.0,1.0844170895269154e-07,6.116033779424575e-10,1.0844170895269154e-07,1.0844170895269154e-07
-211,pi-,5,5.0,6.0,False,6199,-2212,494,0.07969027262461688,0.0034396071599362634,0.08195757863857132,0.0005445186004163926,0.0022673060139544454,0.0022673060139544454
-211,pi-,5,5.0,6.0,False,6199,-321,1367,0.22051943861913212,0.005265810977818245,0.22576935165138792,0.0014062157890391567,0.005249913032255804,0.005249913032255804
-211,pi-,5,5.0,6.0,False,6199,-211,2848,0.4594289401516374,0.0063295779385825176,0.46119063781362213,0.0025756728709495852,0.0017616976619847513,0.0017616976619847513
-211,pi-,5,5.0,6.0,False,6199,-11,1,0.00016131634134537829,0.00016130332933960229,0.00022893616993665002,4.877203110820904e-06,6.761982859127173e-05,6.761982859127173e-05
-211,pi-,5,5.0,6.0,False,6199,11,216,0.03484432973060171,0.002329184666893162,0.030437809439753674,0.00025452402612307316,-0.004406520290848037,0.004406520290848037
-211,pi-,5,5.0,6.0,False,6199,22,527,0.08501371188901435,0.003542345880595909,0.08418734753111524,0.0021805929896432713,-0.0008263643578991092,0.0008263643578991092
-211,pi-,5,5.0,6.0,False,6199,45,5,0.0008065817067268914,0.00036056880300413266,0.0007186541866947166,2.7257503212101644e-05,-8.792752003217478e-05,8.792752003217478e-05
-211,pi-,5,5.0,6.0,False,6199,211,101,0.01629295047588321,0.0016079477872661867,0.014399186199676164,0.000609649415929541,-0.0018937642762070443,0.0018937642762070443
-211,pi-,5,5.0,6.0,False,6199,321,14,0.002258428778835296,0.0006029085118848582,0.002511924806346436,9.351801261655284e-05,0.0002534960275111398,0.0002534960275111398
-211,pi-,5,5.0,6.0,False,6199,2112,512,0.08259396676883368,0.0034961828658911253,0.0812432444255055,0.0023685166272384697,-0.001350722343328184,0.001350722343328184
-211,pi-,5,5.0,6.0,False,6199,2212,114,0.018390062913373126,0.0017064763053654046,0.01735520516300065,0.0008764539010970807,-0.001034857750372476,0.001034857750372476
-211,pi-,5,5.0,6.0,False,6199,OTHER,0,0.0,0.0,1.2353694909673312e-07,6.669890870627781e-10,1.2353694909673312e-07,1.2353694909673312e-07
-211,pi-,6,6.0,7.0,False,5897,-2212,646,0.10954722740376463,0.004067153620675697,0.11801911509008496,0.0007797802755497274,0.008471887686320331,0.008471887686320331
-211,pi-,6,6.0,7.0,False,5897,-321,1379,0.23384771917924368,0.005511991697173989,0.23625915620904012,0.0014018128936502143,0.0024114370297964316,0.0024114370297964316
-211,pi-,6,6.0,7.0,False,5897,-211,2630,0.44598948617941325,0.0064730021283515415,0.4369230748239052,0.0024295098961544903,-0.009066411355508064,0.009066411355508064
-211,pi-,6,6.0,7.0,False,5897,-11,3,0.0005087332541970493,0.0002936425598777055,0.00024998292073444517,6.759403252320944e-06,-0.00025875033346260413,0.00025875033346260413
-211,pi-,6,6.0,7.0,False,5897,11,132,0.022384263184670173,0.0019263709915120328,0.024977038945746415,0.0002135616191833122,0.0025927757610762422,0.0025927757610762422
-211,pi-,6,6.0,7.0,False,5897,22,548,0.09292860776666101,0.003780766764156018,0.09057110804113376,0.0023831802802357686,-0.0023574997255272484,0.0023574997255272484
-211,pi-,6,6.0,7.0,False,5897,45,0,0.0,0.0,0.0004419877592430115,1.9699682531458962e-05,0.0004419877592430115,0.0004419877592430115
-211,pi-,6,6.0,7.0,False,5897,211,66,0.011192131592335086,0.0013699250175209596,0.00940064074150518,0.00047793426686957625,-0.0017914908508299063,0.0017914908508299063
-211,pi-,6,6.0,7.0,False,5897,321,13,0.0022045107681872137,0.0006107469636132919,0.0017753317247509739,7.485662593962263e-05,-0.00042917904343623987,0.00042917904343623987
-211,pi-,6,6.0,7.0,False,5897,2112,435,0.07376632185857215,0.0034038764228533514,0.0738571256582987,0.002236897380409326,9.080379972654928e-05,9.080379972654928e-05
-211,pi-,6,6.0,7.0,False,5897,2212,45,0.00763099881295574,0.0011332134590536314,0.007525323610418203,0.0005108890942407152,-0.00010567520253753661,0.00010567520253753661
-211,pi-,6,6.0,7.0,False,5897,OTHER,0,0.0,0.0,1.1421392382573283e-07,5.991655703086133e-10,1.1421392382573283e-07,1.1421392382573283e-07
-211,pi-,7,7.0,8.0,False,4251,-2212,646,0.15196424370736297,0.005505949655977998,0.14629928937407638,0.001166819663476512,-0.005664954333286593,0.005664954333286593
-211,pi-,7,7.0,8.0,False,4251,-321,906,0.21312632321806635,0.006280952404485602,0.22338243737629002,0.0017046170440800218,0.010256114158223667,0.010256114158223667
-211,pi-,7,7.0,8.0,False,4251,-211,1730,0.40696306751352623,0.007534818873626921,0.40177089748606565,0.0030475594975227244,-0.005192170027460585,0.005192170027460585
-211,pi-,7,7.0,8.0,False,4251,-11,1,0.0002352387673488591,0.00023521109708265166,0.0002965057147159566,1.0420825202165855e-05,6.126694736709748e-05,6.126694736709748e-05
-211,pi-,7,7.0,8.0,False,4251,11,52,0.012232415902140673,0.0016859238391943462,0.013882148116349434,0.00017120523563806354,0.001649732214208761,0.001649732214208761
-211,pi-,7,7.0,8.0,False,4251,22,489,0.1150317572335921,0.004893585354287779,0.1178051145660547,0.0031974313114075414,0.002773357332462603,0.002773357332462603
-211,pi-,7,7.0,8.0,False,4251,45,0,0.0,0.0,0.00017703816807317888,2.2169499547836394e-06,0.00017703816807317888,0.00017703816807317888
-211,pi-,7,7.0,8.0,False,4251,211,17,0.0039990590449306045,0.000967972969969619,0.003822682419656205,5.607985090383294e-05,-0.00017637662527439932,0.00017637662527439932
-211,pi-,7,7.0,8.0,False,4251,321,4,0.0009409550693954364,0.0004702561334926589,0.0009683134297299052,2.1789398603584304e-05,2.7358360334468865e-05,2.7358360334468865e-05
-211,pi-,7,7.0,8.0,False,4251,2112,400,0.09409550693954363,0.004477958841676869,0.09035667894739251,0.0027996275069541846,-0.0037388279921511253,0.0037388279921511253
-211,pi-,7,7.0,8.0,False,4251,2212,6,0.0014114326040931546,0.000575808159854795,0.0012387979181787475,1.3060740022561112e-05,-0.00017263468591440716,0.00017263468591440716
-211,pi-,7,7.0,8.0,False,4251,OTHER,0,0.0,0.0,9.634217788197296e-08,5.470242989731466e-10,9.634217788197296e-08,9.634217788197296e-08
-211,pi-,8,8.0,9.0,True,1195,-2212,137,0.11464435146443515,0.009216186603801791,0.12098583775373775,0.002678121010963521,0.006341486289302603,0.006341486289302603
-211,pi-,8,8.0,9.0,True,1195,-321,191,0.1598326359832636,0.01060063014065674,0.17219620324584445,0.0038077900750667364,0.012363567262580838,0.012363567262580838
-211,pi-,8,8.0,9.0,True,1195,-211,399,0.33389121338912137,0.013642410829126908,0.3241846674858036,0.007082096399095023,-0.009706545903317765,0.009706545903317765
-211,pi-,8,8.0,9.0,True,1195,-11,1,0.0008368200836820083,0.0008364698764753417,0.0004884518807865708,2.4905191079657555e-05,-0.0003483682028954375,0.0003483682028954375
-211,pi-,8,8.0,9.0,True,1195,11,3,0.002510460251046025,0.0014475944091957114,0.0037155005228437193,0.00012090180270910094,0.0012050402717976943,0.0012050402717976943
-211,pi-,8,8.0,9.0,True,1195,22,241,0.20167364016736403,0.011607290416770576,0.20362981440320174,0.00724316580609543,0.0019561742358377154,0.0019561742358377154
-211,pi-,8,8.0,9.0,True,1195,45,1,0.0008368200836820083,0.0008364698764753417,0.0001701243904086315,4.631132826968617e-06,-0.0006666956932733768,0.0006666956932733768
-211,pi-,8,8.0,9.0,True,1195,211,13,0.010878661087866108,0.003000741306012218,0.005344015073954716,0.00017529375479973888,-0.005534646013911392,0.005534646013911392
-211,pi-,8,8.0,9.0,True,1195,321,1,0.0008368200836820083,0.0008364698764753417,0.0016017762560029145,6.325697002674482e-05,0.0007649561723209061,0.0007649561723209061
-211,pi-,8,8.0,9.0,True,1195,2112,207,0.17322175732217573,0.010947420173824222,0.16619102717148312,0.00638583243035436,-0.00703073015069261,0.00703073015069261
-211,pi-,8,8.0,9.0,True,1195,2212,1,0.0008368200836820083,0.0008364698764753417,0.0014925010063710806,3.990379639965194e-05,0.0006556809226890722,0.0006556809226890722
-211,pi-,8,8.0,9.0,True,1195,OTHER,0,0.0,0.0,8.150176776107819e-08,7.129001669985435e-10,8.150176776107819e-08,8.150176776107819e-08
211,pi+,0,0.0,1.0,False,2973,-2212,0,0.0,0.0,1.1396834090652089e-05,2.0878915554309483e-07,1.1396834090652089e-05,1.1396834090652089e-05
211,pi+,0,0.0,1.0,False,2973,-321,0,0.0,0.0,1.7070988112753536e-05,7.21538782838335e-07,1.7070988112753536e-05,1.7070988112753536e-05
211,pi+,0,0.0,1.0,False,2973,-211,0,0.0,0.0,0.0005851369836076313,6.57300959432833e-05,0.0005851369836076313,0.0005851369836076313
211,pi+,0,0.0,1.0,False,2973,-11,2,0.0006727211570803902,0.0004755256631864104,0.000528673838247799,1.2021319133392908e-05,-0.0001440473188325912,0.0001440473188325912
211,pi+,0,0.0,1.0,False,2973,11,0,0.0,0.0,5.922890248955882e-06,1.383082889516806e-07,5.922890248955882e-06,5.922890248955882e-06
211,pi+,0,0.0,1.0,False,2973,22,21,0.007063572149344097,0.0015359442772062118,0.006550267516978222,0.000412258064756522,-0.000513304632365875,0.000513304632365875
211,pi+,0,0.0,1.0,False,2973,45,1,0.0003363605785401951,0.00033630400456308314,0.000751096618865846,1.1910175148644687e-05,0.0004147360403256509,0.0004147360403256509
211,pi+,0,0.0,1.0,False,2973,211,2852,0.9593003699966364,0.0036238906288582973,0.9632826790487218,0.0016076155219456967,0.003982309052085409,0.003982309052085409
211,pi+,0,0.0,1.0,False,2973,321,17,0.005718129835183316,0.001382879414384952,0.006894770987826368,7.269611693528086e-05,0.0011766411526430518,0.0011766411526430518
211,pi+,0,0.0,1.0,False,2973,2112,38,0.012781701984527414,0.00206017203299919,0.008910808562544816,0.0007061200234403682,-0.0038708934219825984,0.0038708934219825984
211,pi+,0,0.0,1.0,False,2973,2212,42,0.014127144298688193,0.0021644132833870864,0.012462134461161069,0.0009656960421665383,-0.0016650098375271243,0.0016650098375271243
211,pi+,0,0.0,1.0,False,2973,OTHER,0,0.0,0.0,4.084489886807173e-08,4.0920824539741806e-10,4.084489886807173e-08,4.084489886807173e-08
211,pi+,1,1.0,2.0,False,7436,-2212,0,0.0,0.0,5.587207533649587e-05,7.31725240342554e-07,5.587207533649587e-05,5.587207533649587e-05
211,pi+,1,1.0,2.0,False,7436,-321,0,0.0,0.0,9.304392024741016e-05,2.1866460433102586e-06,9.304392024741016e-05,9.304392024741016e-05
211,pi+,1,1.0,2.0,False,7436,-211,13,0.0017482517482517483,0.00048445376426902446,0.002194188568955467,0.000134630531535868,0.0004459368207037188,0.0004459368207037188
211,pi+,1,1.0,2.0,False,7436,-11,15,0.002017213555675094,0.0005203167101930498,0.0020521342779768223,1.3410979768637734e-05,3.492072230172833e-05,3.492072230172833e-05
211,pi+,1,1.0,2.0,False,7436,11,0,0.0,0.0,3.6912806937258504e-05,7.200449379557197e-07,3.6912806937258504e-05,3.6912806937258504e-05
211,pi+,1,1.0,2.0,False,7436,22,417,0.05607853684776762,0.002668066052310516,0.048811265010037394,0.0015261243434366522,-0.007267271837730224,0.007267271837730224
211,pi+,1,1.0,2.0,False,7436,45,31,0.004168908015061861,0.0007471956015313503,0.0036657217955925613,2.5664292309865146e-05,-0.0005031862194693,0.0005031862194693
211,pi+,1,1.0,2.0,False,7436,211,6305,0.8479020979020979,0.004164518313780698,0.8586518933692588,0.0027242242406790365,0.010749795467160927,0.010749795467160927
211,pi+,1,1.0,2.0,False,7436,321,188,0.025282409897794515,0.0018204507968520695,0.023277604062063657,0.00011044346221480247,-0.002004805835730858,0.002004805835730858
211,pi+,1,1.0,2.0,False,7436,2112,266,0.035771920387305,0.0021537303321477854,0.03638143475922556,0.0012353618769760997,0.0006095143719205623,0.0006095143719205623
211,pi+,1,1.0,2.0,False,7436,2212,201,0.027030661646046263,0.0018806510672986574,0.024779857268176584,0.0007740576487471825,-0.0022508043778696786,0.0022508043778696786
211,pi+,1,1.0,2.0,False,7436,OTHER,0,0.0,0.0,7.243266016036915e-08,4.498858225231938e-10,7.243266016036915e-08,7.243266016036915e-08
211,pi+,2,2.0,3.0,False,7946,-2212,1,0.00012584948401711554,0.0001258415647216342,0.00013563160284820434,2.3753213029894826e-06,9.782118831088804e-06,9.782118831088804e-06
211,pi+,2,2.0,3.0,False,7946,-321,0,0.0,0.0,0.0002526756530317553,7.416120454443022e-06,0.0002526756530317553,0.0002526756530317553
211,pi+,2,2.0,3.0,False,7946,-211,34,0.004278882456581928,0.0007322506346076443,0.004472554832312155,0.00022767139741282661,0.00019367237573022708,0.00019367237573022708
211,pi+,2,2.0,3.0,False,7946,-11,12,0.0015101938082053865,0.0004356260878958638,0.002684867125965154,1.6275336777522e-05,0.0011746733177597677,0.0011746733177597677
211,pi+,2,2.0,3.0,False,7946,11,0,0.0,0.0,6.646478602006047e-05,1.301183837505442e-06,6.646478602006047e-05,6.646478602006047e-05
211,pi+,2,2.0,3.0,False,7946,22,522,0.06569343065693431,0.002779274175308634,0.06597681166312903,0.0017897172625778949,0.0002833810061947245,0.0002833810061947245
211,pi+,2,2.0,3.0,False,7946,45,105,0.01321419582179713,0.0012810247936105666,0.012525292843042294,7.561228880028839e-05,-0.0006889029787548358,0.0006889029787548358
211,pi+,2,2.0,3.0,False,7946,211,6086,0.7659199597281651,0.004750065573992922,0.7665561041662861,0.0029645770848378545,0.0006361444381209891,0.0006361444381209891
211,pi+,2,2.0,3.0,False,7946,321,454,0.05713566574377045,0.0026037780988580708,0.05648333634537945,0.00030868306517390737,-0.0006523293983910008,0.0006523293983910008
211,pi+,2,2.0,3.0,False,7946,2112,394,0.04958469670274352,0.002435321262090443,0.04786827186076064,0.001459562215099757,-0.0017164248419828804,0.0017164248419828804
211,pi+,2,2.0,3.0,False,7946,2212,338,0.042537125597785046,0.0022639704865378293,0.04297789953892511,0.0008714130634723327,0.0004407739411400671,0.0004407739411400671
211,pi+,2,2.0,3.0,False,7946,OTHER,0,0.0,0.0,8.970287290047973e-08,4.800315799001556e-10,8.970287290047973e-08,8.970287290047973e-08
211,pi+,3,3.0,4.0,False,8189,-2212,1,0.00012211503236048357,0.0001221075760922818,0.0002104731968054128,4.823884615793211e-06,8.835816444492921e-05,8.835816444492921e-05
211,pi+,3,3.0,4.0,False,8189,-321,3,0.00036634509708145075,0.00021147069414408193,0.0005144416055666175,1.8472112879704883e-05,0.00014809650848516675,0.00014809650848516675
211,pi+,3,3.0,4.0,False,8189,-211,54,0.006594211747466113,0.0008943949777495831,0.006364978870536676,0.0002991332324189328,-0.00022923287692943727,0.00022923287692943727
211,pi+,3,3.0,4.0,False,8189,-11,20,0.0024423006472096714,0.0005454477306398994,0.002810880366254426,1.581320760025671e-05,0.0003685797190447547,0.0003685797190447547
211,pi+,3,3.0,4.0,False,8189,11,0,0.0,0.0,7.461740804269116e-05,1.5888119411041278e-06,7.461740804269116e-05,7.461740804269116e-05
211,pi+,3,3.0,4.0,False,8189,22,598,0.07302478935156918,0.002875105470766893,0.07327731239567,0.00190456585735935,0.00025252304410081083,0.00025252304410081083
211,pi+,3,3.0,4.0,False,8189,45,239,0.029185492734155574,0.001860099637552167,0.028248420490276215,0.00014959812539051503,-0.0009370722438793583,0.0009370722438793583
211,pi+,3,3.0,4.0,False,8189,211,5209,0.6360972035657589,0.005316661419844617,0.6489494523261639,0.002642397147091709,0.012852248760404916,0.012852248760404916
211,pi+,3,3.0,4.0,False,8189,321,1197,0.14617169373549885,0.00390392511408358,0.1406741680708384,0.0006963422740615919,-0.005497525664660441,0.005497525664660441
211,pi+,3,3.0,4.0,False,8189,2112,438,0.05348638417389181,0.0024863920987670406,0.050987657146772426,0.0014875109127843672,-0.0024987270271193823,0.0024987270271193823
211,pi+,3,3.0,4.0,False,8189,2212,430,0.05250946391500794,0.002464851713444798,0.047887512522308676,0.0008484100851453294,-0.004621951392699261,0.004621951392699261
211,pi+,3,3.0,4.0,False,8189,OTHER,0,0.0,0.0,8.604787638772476e-08,4.658642847913215e-10,8.604787638772476e-08,8.604787638772476e-08
211,pi+,4,4.0,5.0,False,7961,-2212,1,0.00012561236025624922,0.0001256044707759628,0.0002756192113086193,7.659064227698124e-06,0.0001500068510523701,0.0001500068510523701
211,pi+,4,4.0,5.0,False,7961,-321,6,0.0007536741615374953,0.0003075702185946761,0.0008221670238715557,3.314173442626e-05,6.849286233406046e-05,6.849286233406046e-05
211,pi+,4,4.0,5.0,False,7961,-211,67,0.008416028137168697,0.001023845737356543,0.00829445451633958,0.000387722026743723,-0.0001215736208291171,0.0001215736208291171
211,pi+,4,4.0,5.0,False,7961,-11,124,0.015575932671774902,0.0013878237970811208,0.016971547356025525,0.0002821441915168701,0.001395614684250623,0.001395614684250623
211,pi+,4,4.0,5.0,False,7961,11,0,0.0,0.0,9.399642552381006e-05,2.1148731659392734e-06,9.399642552381006e-05,9.399642552381006e-05
211,pi+,4,4.0,5.0,False,7961,22,738,0.09270192186911191,0.003250390593302541,0.08912204156079383,0.0022062062339131237,-0.003579880308318087,0.003579880308318087
211,pi+,4,4.0,5.0,False,7961,45,307,0.03856299459866851,0.002158052375942446,0.0374726932642951,0.00020027516067320125,-0.0010903013343734058,0.0010903013343734058
211,pi+,4,4.0,5.0,False,7961,211,4250,0.5338525310890592,0.005590987307294292,0.533072306624464,0.0024007363097832135,-0.0007802244645951362,0.0007802244645951362
211,pi+,4,4.0,5.0,False,7961,321,1670,0.20977264162793618,0.0045631699333654515,0.20849163594193804,0.0010289943456732356,-0.001281005685998149,0.001281005685998149
211,pi+,4,4.0,5.0,False,7961,2112,397,0.04986810702173094,0.0024396053528343902,0.055789194355006407,0.0015279356636430433,0.005921087333275468,0.005921087333275468
211,pi+,4,4.0,5.0,False,7961,2212,401,0.050370556462755935,0.0024512163692300484,0.049594258945350765,0.0007904450744137543,-0.0007762975174051695,0.0007762975174051695
211,pi+,4,4.0,5.0,False,7961,OTHER,0,0.0,0.0,8.419450329722927e-08,5.505860180452264e-10,8.419450329722927e-08,8.419450329722927e-08
211,pi+,5,5.0,6.0,False,7602,-2212,1,0.00013154433043935807,0.00013153567819937506,0.0003342931388668125,9.284620293927559e-06,0.00020274880842745445,0.00020274880842745445
211,pi+,5,5.0,6.0,False,7602,-321,5,0.0006577216521967903,0.00029404531720375734,0.0009262183226520404,3.674664637463803e-05,0.00026849667045525014,0.00026849667045525014
211,pi+,5,5.0,6.0,False,7602,-211,90,0.011838989739542225,0.001240529928810174,0.009556207791374604,0.00045139180529585457,-0.002282781948167622,0.002282781948167622
211,pi+,5,5.0,6.0,False,7602,-11,813,0.1069455406471981,0.0035445114142658883,0.10663628909292738,0.000726133640035417,-0.00030925155427072304,0.00030925155427072304
211,pi+,5,5.0,6.0,False,7602,11,2,0.00026308866087871614,0.00018600730312544225,0.00012582889264773392,2.8348783870284965e-06,-0.00013725976823098223,0.00013725976823098223
211,pi+,5,5.0,6.0,False,7602,22,725,0.0953696395685346,0.003368811551230817,0.09631461607050888,0.002394680054031501,0.0009449765019742817,0.0009449765019742817
211,pi+,5,5.0,6.0,False,7602,45,265,0.034859247566429885,0.002103731929886636,0.03579100912276573,0.00018931235916234095,0.0009317615563358417,0.0009317615563358417
211,pi+,5,5.0,6.0,False,7602,211,3227,0.4244935543278085,0.005668872815926531,0.4250463757982369,0.0019469309017657746,0.0005528214704283996,0.0005528214704283996
211,pi+,5,5.0,6.0,False,7602,321,1616,0.21257563799000262,0.004692423883230709,0.21515536658059037,0.0010890696548621647,0.0025797285905877487,0.0025797285905877487
211,pi+,5,5.0,6.0,False,7602,2112,430,0.05656406208892397,0.002649491742618213,0.05461005230175865,0.001517591108035907,-0.0019540097871653186,0.0019540097871653186
211,pi+,5,5.0,6.0,False,7602,2212,428,0.05630097342804525,0.002643691488334188,0.05550364781788014,0.0007046775124556812,-0.0007973256101651074,0.0007973256101651074
211,pi+,5,5.0,6.0,False,7602,OTHER,0,0.0,0.0,9.509360646837154e-08,6.384739554074306e-10,9.509360646837154e-08,9.509360646837154e-08
211,pi+,6,6.0,7.0,False,7517,-2212,3,0.00039909538379672744,0.00023037184333332233,0.00030650558533550434,1.0735342426248065e-05,-9.25897984612231e-05,9.25897984612231e-05
211,pi+,6,6.0,7.0,False,7517,-321,7,0.000931222562192364,0.0003518051260452636,0.0006718808306487544,3.228050579933341e-05,-0.0002593417315436095,0.0002593417315436095
211,pi+,6,6.0,7.0,False,7517,-211,60,0.007981907675934548,0.0010263390929521707,0.006285105717864633,0.00037518444782741364,-0.0016968019580699146,0.0016968019580699146
211,pi+,6,6.0,7.0,False,7517,-11,957,0.12731142743115606,0.003844510604765621,0.13233272156679682,0.0008377377499530903,0.005021294135640758,0.005021294135640758
211,pi+,6,6.0,7.0,False,7517,11,4,0.0005321271783956366,0.0002659927899445164,9.847499264696085e-05,3.251798365825629e-06,-0.0004336521857486757,0.0004336521857486757
211,pi+,6,6.0,7.0,False,7517,22,778,0.10349873619795132,0.003513344215313921,0.10218060268328913,0.002524052697802243,-0.001318133514662187,0.001318133514662187
211,pi+,6,6.0,7.0,False,7517,45,295,0.039244379406678194,0.0022396127160637293,0.03963264672924175,0.00020394525141464838,0.0003882673225635569,0.0003882673225635569
211,pi+,6,6.0,7.0,False,7517,211,2898,0.3855261407476387,0.0056137923752808865,0.3829156326758678,0.001773104246733679,-0.0026105080717708784,0.0026105080717708784
211,pi+,6,6.0,7.0,False,7517,321,1574,0.20939204469868297,0.004692868703784235,0.21014909383074443,0.0010331883280799764,0.0007570491320614547,0.0007570491320614547
211,pi+,6,6.0,7.0,False,7517,2112,403,0.05361181322336038,0.002598020826158259,0.05353299065835185,0.0014972535493747636,-7.882256500853224e-05,7.882256500853224e-05
211,pi+,6,6.0,7.0,False,7517,2212,538,0.07157110549421311,0.002973178007131847,0.07189425332573632,0.0005160492634676619,0.00032314783152320725,0.00032314783152320725
211,pi+,6,6.0,7.0,False,7517,OTHER,0,0.0,0.0,9.167281971069856e-08,5.779805257062326e-10,9.167281971069856e-08,9.167281971069856e-08
211,pi+,7,7.0,8.0,False,5336,-2212,0,0.0,0.0,0.00014784630258591645,1.1761135237919346e-06,0.00014784630258591645,0.00014784630258591645
211,pi+,7,7.0,8.0,False,5336,-321,0,0.0,0.0,0.00019978407542931608,1.4283465071930297e-06,0.00019978407542931608,0.00019978407542931608
211,pi+,7,7.0,8.0,False,5336,-211,7,0.0013118440779610195,0.0004955051227418785,0.0010769073838793643,1.0748572865850125e-05,-0.00023493669408165526,0.00023493669408165526
211,pi+,7,7.0,8.0,False,5336,-11,708,0.13268365817091454,0.0046439717866569585,0.14306724029112325,0.0010316200436673597,0.010383582120208706,0.010383582120208706
211,pi+,7,7.0,8.0,False,5336,11,0,0.0,0.0,3.760740967271343e-05,3.104077583843119e-07,3.760740967271343e-05,3.760740967271343e-05
211,pi+,7,7.0,8.0,False,5336,22,717,0.13437031484257872,0.004668848993513157,0.13155721784223742,0.0033394460779776957,-0.002813097000341297,0.002813097000341297
211,pi+,7,7.0,8.0,False,5336,45,245,0.04591454272863568,0.0028652390359063507,0.04222413239082995,0.00027496967136723163,-0.003690410337805733,0.003690410337805733
211,pi+,7,7.0,8.0,False,5336,211,1889,0.3540104947526237,0.006546556031160229,0.3414173081367206,0.0021458115396658975,-0.012593186615903085,0.012593186615903085
211,pi+,7,7.0,8.0,False,5336,321,979,0.18347076461769116,0.005298603164283797,0.18676762830805416,0.0011965390262076744,0.003296863690363,0.003296863690363
211,pi+,7,7.0,8.0,False,5336,2112,344,0.06446776611694154,0.0033619618291238704,0.06660998148165662,0.001928221938117968,0.0021422153647150805,0.0021422153647150805
211,pi+,7,7.0,8.0,False,5336,2212,447,0.08377061469265368,0.003792626269386525,0.08689426177426875,0.0005865372955330913,0.003123647081615069,0.003123647081615069
211,pi+,7,7.0,8.0,False,5336,OTHER,0,0.0,0.0,8.349699216261384e-08,6.608542548554444e-10,8.349699216261384e-08,8.349699216261384e-08
211,pi+,8,8.0,9.0,True,1766,-2212,1,0.0005662514156285391,0.0005660910725938566,0.00011923143725881723,2.1528131224934906e-06,-0.0004470199783697219,0.0004470199783697219
211,pi+,8,8.0,9.0,True,1766,-321,1,0.0005662514156285391,0.0005660910725938566,0.00015555324077724429,2.260960928370322e-06,-0.0004106981748512948,0.0004106981748512948
211,pi+,8,8.0,9.0,True,1766,-211,0,0.0,0.0,0.0005938208522535476,7.376431776638404e-06,0.0005938208522535476,0.0005938208522535476
211,pi+,8,8.0,9.0,True,1766,-11,200,0.11325028312570781,0.007540928583789056,0.13274813068991487,0.001961745384547667,0.019497847564207055,0.019497847564207055
211,pi+,8,8.0,9.0,True,1766,11,0,0.0,0.0,1.8651780609851093e-05,2.559247907993494e-07,1.8651780609851093e-05,1.8651780609851093e-05
211,pi+,8,8.0,9.0,True,1766,22,331,0.18742921857304642,0.009286539248327487,0.18279356020898269,0.006358359791867489,-0.004635658364063738,0.004635658364063738
211,pi+,8,8.0,9.0,True,1766,45,61,0.03454133635334088,0.004345513068182551,0.038427626828531604,0.0005325900300941992,0.0038862904751907207,0.0038862904751907207
211,pi+,8,8.0,9.0,True,1766,211,539,0.3052095130237826,0.010957982817102514,0.29723523194729723,0.003984440841485144,-0.007974281076485346,0.007974281076485346
211,pi+,8,8.0,9.0,True,1766,321,284,0.16081540203850508,0.008741726666443813,0.16159644918801055,0.002195564731497261,0.0007810471495054705,0.0007810471495054705
211,pi+,8,8.0,9.0,True,1766,2112,168,0.09513023782559456,0.006981632417278131,0.0960919419244208,0.0037505612025755647,0.0009617040988262465,0.0009617040988262465
211,pi+,8,8.0,9.0,True,1766,2212,181,0.10249150622876557,0.007217185565418676,0.09021971796403006,0.0012440750770308135,-0.012271788264735517,0.012271788264735517
211,pi+,8,8.0,9.0,True,1766,OTHER,0,0.0,0.0,8.412907838499465e-08,1.6451656631319952e-09,8.412907838499465e-08,8.412907838499465e-08
2212,proton,0,0.0,1.0,False,3875,-2212,0,0.0,0.0,5.309065275527715e-06,3.7633975781607924e-08,5.309065275527715e-06,5.309065275527715e-06
2212,proton,0,0.0,1.0,False,3875,-321,0,0.0,0.0,6.123383173651805e-06,5.446620108834297e-08,6.123383173651805e-06,6.123383173651805e-06
2212,proton,0,0.0,1.0,False,3875,-211,0,0.0,0.0,3.1290204544377286e-05,1.1354724823806258e-06,3.1290204544377286e-05,3.1290204544377286e-05
2212,proton,0,0.0,1.0,False,3875,-11,5,0.0012903225806451613,0.0005766773902799893,0.0008585975192569799,1.879749780269676e-05,-0.0004317250613881814,0.0004317250613881814
2212,proton,0,0.0,1.0,False,3875,11,0,0.0,0.0,2.500026147880553e-06,2.2237214107468855e-08,2.500026147880553e-06,2.500026147880553e-06
2212,proton,0,0.0,1.0,False,3875,22,0,0.0,0.0,5.996283969016663e-05,2.332858517788749e-06,5.996283969016663e-05,5.996283969016663e-05
2212,proton,0,0.0,1.0,False,3875,45,4,0.001032258064516129,0.0005158625742990262,0.0010483379611715435,9.522693394320729e-06,1.607989665541442e-05,1.607989665541442e-05
2212,proton,0,0.0,1.0,False,3875,211,5,0.0012903225806451613,0.0005766773902799893,0.0008959415081377712,7.699949470895151e-06,-0.00039438107250739014,0.00039438107250739014
2212,proton,0,0.0,1.0,False,3875,321,13,0.0033548387096774194,0.0009289027542990596,0.0008732400181883526,6.709889398433266e-06,-0.0024815986914890668,0.0024815986914890668
2212,proton,0,0.0,1.0,False,3875,2112,11,0.002838709677419355,0.0008546874780329007,0.004073535145711033,0.0002281237953852353,0.0012348254682916782,0.0012348254682916782
2212,proton,0,0.0,1.0,False,3875,2212,3837,0.9901935483870967,0.001582997167047946,0.9921451359179713,0.0002385537690335922,0.0019515875308745434,0.0019515875308745434
2212,proton,0,0.0,1.0,False,3875,OTHER,0,0.0,0.0,2.6045798947626324e-08,1.4089275393681283e-10,2.6045798947626324e-08,2.6045798947626324e-08
2212,proton,1,1.0,2.0,False,9441,-2212,0,0.0,0.0,2.4522734938461322e-05,1.681677777034077e-07,2.4522734938461322e-05,2.4522734938461322e-05
2212,proton,1,1.0,2.0,False,9441,-321,0,0.0,0.0,3.120202208455491e-05,2.6280917682067554e-07,3.120202208455491e-05,3.120202208455491e-05
2212,proton,1,1.0,2.0,False,9441,-211,2,0.00021184196589344348,0.0001497790233607055,0.00024472946577363435,1.1079960233409415e-05,3.288749988019087e-05,3.288749988019087e-05
2212,proton,1,1.0,2.0,False,9441,-11,21,0.0022243406418811567,0.00048485078413004686,0.0018475461889891508,1.2181198664364553e-05,-0.00037679445289200597,0.00037679445289200597
2212,proton,1,1.0,2.0,False,9441,11,0,0.0,0.0,1.424188131010806e-05,1.2366186342790711e-07,1.424188131010806e-05,1.424188131010806e-05
2212,proton,1,1.0,2.0,False,9441,22,15,0.0015888147442008262,0.0004099041835214757,0.002206131730515906,0.00010723641130273937,0.0006173169863150799,0.0006173169863150799
2212,proton,1,1.0,2.0,False,9441,45,54,0.005719733079122974,0.0007761278942772524,0.005685095293862909,3.195154310725736e-05,-3.4637785260064995e-05,3.4637785260064995e-05
2212,proton,1,1.0,2.0,False,9441,211,44,0.004660523249655757,0.0007009611611065561,0.003035206848314055,3.65847447350726e-05,-0.0016253164013417015,0.0016253164013417015
2212,proton,1,1.0,2.0,False,9441,321,21,0.0022243406418811567,0.00048485078413004686,0.001763661098897014,4.9541995231347824e-06,-0.00046067954298414275,0.00046067954298414275
2212,proton,1,1.0,2.0,False,9441,2112,528,0.055926278995869085,0.0023648408464319545,0.0551735715404549,0.001920712331948564,-0.0007527074554141838,0.0007527074554141838
2212,proton,1,1.0,2.0,False,9441,2212,8756,0.9274441266814956,0.002669753507429975,0.9299740456894021,0.0019478782764026335,0.002529919007906556,0.002529919007906556
2212,proton,1,1.0,2.0,False,9441,OTHER,0,0.0,0.0,4.47200236041016e-08,2.471422397822616e-10,4.47200236041016e-08,4.47200236041016e-08
2212,proton,2,2.0,3.0,False,9857,-2212,0,0.0,0.0,5.405343494589276e-05,5.319791198148474e-07,5.405343494589276e-05,5.405343494589276e-05
2212,proton,2,2.0,3.0,False,9857,-321,1,0.00010145074566298062,0.0001014455994055566,7.320422193044756e-05,1.3165626141438484e-06,-2.8246523732533064e-05,2.8246523732533064e-05
2212,proton,2,2.0,3.0,False,9857,-211,11,0.001115958202292787,0.0003362862601651261,0.0011233228334307371,5.052747986464686e-05,7.364631137950217e-06,7.364631137950217e-06
2212,proton,2,2.0,3.0,False,9857,-11,16,0.00162321193060769,0.0004054734967698079,0.0010975247010859678,5.453281745670581e-06,-0.0005256872295217221,0.0005256872295217221
2212,proton,2,2.0,3.0,False,9857,11,0,0.0,0.0,2.6587396619600686e-05,4.298760014393458e-07,2.6587396619600686e-05,2.6587396619600686e-05
2212,proton,2,2.0,3.0,False,9857,22,350,0.03550776098204322,0.0018639687813217917,0.033996072822046156,0.0009744167277804933,-0.0015116881599970614,0.0015116881599970614
2212,proton,2,2.0,3.0,False,9857,45,189,0.01917419093030334,0.0013812811594751122,0.019189702675190885,9.333252077699352e-05,1.551174488754678e-05,1.551174488754678e-05
2212,proton,2,2.0,3.0,False,9857,211,66,0.0066957492137567215,0.000821425835599787,0.007290386922002756,0.0001617468114461752,0.0005946377082460342,0.0005946377082460342
2212,proton,2,2.0,3.0,False,9857,321,18,0.0018261134219336513,0.00043002588469763216,0.0024464580272417153,1.3469828850139286e-05,0.000620344605308064,0.000620344605308064
2212,proton,2,2.0,3.0,False,9857,2112,670,0.06797199959419702,0.002535170220239316,0.06700600974472316,0.0019578022398235445,-0.0009659898494738528,0.0009659898494738528
2212,proton,2,2.0,3.0,False,9857,2212,8536,0.8659835649792026,0.0034313220191255975,0.8676966260702451,0.0026266543157820676,0.0017130610910425226,0.0017130610910425226
2212,proton,2,2.0,3.0,False,9857,OTHER,0,0.0,0.0,5.10602977902458e-08,2.6413274325400296e-10,5.10602977902458e-08,5.10602977902458e-08
2212,proton,3,3.0,4.0,False,10070,-2212,1,9.930486593843098e-05,9.929993508781405e-05,8.397020820574389e-05,1.2499961496052044e-06,-1.5334657732687094e-05,1.5334657732687094e-05
2212,proton,3,3.0,4.0,False,10070,-321,1,9.930486593843098e-05,9.929993508781405e-05,0.00014679416233851422,3.928602908108361e-06,4.7489296400083235e-05,4.7489296400083235e-05
2212,proton,3,3.0,4.0,False,10070,-211,25,0.0024826216484607746,0.0004959076056562381,0.0023860441364452903,0.00010740121135562451,-9.65775120154843e-05,9.65775120154843e-05
2212,proton,3,3.0,4.0,False,10070,-11,20,0.0019860973187686196,0.0004436636245386012,0.0015799469616258296,7.673407134302968e-06,-0.00040615035714279004,0.00040615035714279004
2212,proton,3,3.0,4.0,False,10070,11,0,0.0,0.0,3.713292844112336e-05,7.688231113647058e-07,3.713292844112336e-05,3.713292844112336e-05
2212,proton,3,3.0,4.0,False,10070,22,578,0.05739821251241311,0.002317920722532948,0.05181365679442474,0.0013018589985459275,-0.005584555717988368,0.005584555717988368
2212,proton,3,3.0,4.0,False,10070,45,407,0.04041708043694141,0.0019624969413671437,0.03543864844747021,0.0001547901922695564,-0.004978431989471198,0.004978431989471198
2212,proton,3,3.0,4.0,False,10070,211,104,0.010327706057596822,0.0010074718151443732,0.010412337746414058,0.00026354647605534605,8.463168881723583e-05,8.463168881723583e-05
2212,proton,3,3.0,4.0,False,10070,321,56,0.005561072492552135,0.0007410603909314135,0.006191400280617669,3.575227842123197e-05,0.0006303277880655347,0.0006303277880655347
2212,proton,3,3.0,4.0,False,10070,2112,633,0.06285998013902681,0.002418658910864668,0.06469219812308091,0.0017636735241934693,0.0018322179840540992,0.0018322179840540992
2212,proton,3,3.0,4.0,False,10070,2212,8245,0.8187686196623635,0.0038386857327439225,0.827217822165812,0.002762211923169711,0.008449202503448494,0.008449202503448494
2212,proton,3,3.0,4.0,False,10070,OTHER,0,0.0,0.0,4.9507231698160215e-08,2.6890698084688834e-10,4.9507231698160215e-08,4.9507231698160215e-08
2212,proton,4,4.0,5.0,False,10569,-2212,1,9.46163307786924e-05,9.461185454778376e-05,0.00012089465064747128,2.4203585098208773e-06,2.627831986877888e-05,2.627831986877888e-05
2212,proton,4,4.0,5.0,False,10569,-321,8,0.0007569306462295392,0.00026751409409759875,0.00026093713453465874,7.98269375691984e-06,-0.0004959935116948805,0.0004959935116948805
2212,proton,4,4.0,5.0,False,10569,-211,49,0.0046362002081559274,0.0006607772209280524,0.0037122822798328647,0.00015948002059908736,-0.0009239179283230627,0.0009239179283230627
2212,proton,4,4.0,5.0,False,10569,-11,28,0.0026492572618033875,0.0004999989306227725,0.0018654737260479922,8.46441578694992e-06,-0.0007837835357553953,0.0007837835357553953
2212,proton,4,4.0,5.0,False,10569,11,1,9.46163307786924e-05,9.461185454778376e-05,5.1897361390066596e-05,1.168249726743094e-06,-4.271896938862581e-05,4.271896938862581e-05
2212,proton,4,4.0,5.0,False,10569,22,733,0.06935377046078153,0.0024712142550526676,0.06501662145827058,0.0014897261056544793,-0.004337149002510948,0.004337149002510948
2212,proton,4,4.0,5.0,False,10569,45,571,0.05402592487463336,0.0021989926283272065,0.05498053940472841,0.0002458928516179945,0.0009546145300950507,0.0009546145300950507
2212,proton,4,4.0,5.0,False,10569,211,152,0.014381682278361245,0.0011580899137749684,0.013085295998812582,0.000290526117099581,-0.0012963862795486638,0.0012963862795486638
2212,proton,4,4.0,5.0,False,10569,321,234,0.02214022140221402,0.001431239528847978,0.02290574871505572,0.00014960347292612765,0.000765527312841699,0.000765527312841699
2212,proton,4,4.0,5.0,False,10569,2112,688,0.06509603557574037,0.0023996274533458727,0.06728231268549609,0.0016931161585100022,0.0021862771097557188,0.0021862771097557188
2212,proton,4,4.0,5.0,False,10569,2212,8104,0.7667707446305232,0.004113460498429844,0.7707179438333841,0.002741746146428815,0.003947199202860907,0.003947199202860907
2212,proton,4,4.0,5.0,False,10569,OTHER,0,0.0,0.0,5.2506006365270156e-08,3.207444605236749e-10,5.2506006365270156e-08,5.2506006365270156e-08
2212,proton,5,5.0,6.0,False,9151,-2212,0,0.0,0.0,9.290850758977437e-05,1.6926028502983505e-06,9.290850758977437e-05,9.290850758977437e-05
2212,proton,5,5.0,6.0,False,9151,-321,1,0.00010927767457108513,0.00010927170360287745,0.00015042782439363798,4.906086940411267e-06,4.115014982255285e-05,4.115014982255285e-05
2212,proton,5,5.0,6.0,False,9151,-211,12,0.0013113320948530216,0.000378300685851835,0.0010127230589669423,7.783417894069488e-05,-0.0002986090358860793,0.0002986090358860793
2212,proton,5,5.0,6.0,False,9151,-11,27,0.0029504972134192986,0.0005669851539047845,0.002737418897279437,1.3617649579842498e-05,-0.00021307831613986148,0.00021307831613986148
2212,proton,5,5.0,6.0,False,9151,11,1,0.00010927767457108513,0.00010927170360287745,3.485434236696215e-05,7.211339140244705e-07,-7.442333220412298e-05,7.442333220412298e-05
2212,proton,5,5.0,6.0,False,9151,22,779,0.08512730849087531,0.0029172960611836066,0.07796883372707086,0.0018009394715276551,-0.007158474763804448,0.007158474763804448
2212,proton,5,5.0,6.0,False,9151,45,696,0.07605726150147525,0.0027711408010292833,0.07401274434128302,0.0003309335459041228,-0.00204451716019223,0.00204451716019223
2212,proton,5,5.0,6.0,False,9151,211,88,0.00961643536225549,0.0010201745686376055,0.010947790565473212,0.00011863425712015838,0.0013313552032177215,0.0013313552032177215
2212,proton,5,5.0,6.0,False,9151,321,498,0.054420281936400396,0.0023713474429666024,0.05596346327610579,0.00029195367790829803,0.0015431813397053934,0.0015431813397053934
2212,proton,5,5.0,6.0,False,9151,2112,597,0.06523877171893783,0.0025814811341087055,0.06966143523089442,0.0018015861304705326,0.0044226635119565955,0.0044226635119565955
2212,proton,5,5.0,6.0,False,9151,2212,6452,0.7050595563326413,0.00476700698851261,0.7074173425347211,0.00288222177704524,0.0023577862020798257,0.0023577862020798257
2212,proton,5,5.0,6.0,False,9151,OTHER,0,0.0,0.0,5.799700420942462e-08,3.711869807041669e-10,5.799700420942462e-08,5.799700420942462e-08
2212,proton,6,6.0,7.0,False,3311,-2212,0,0.0,0.0,6.597640564689125e-05,6.067149294146174e-07,6.597640564689125e-05,6.597640564689125e-05
2212,proton,6,6.0,7.0,False,3311,-321,0,0.0,0.0,9.917111855899532e-05,8.271698521779214e-07,9.917111855899532e-05,9.917111855899532e-05
2212,proton,6,6.0,7.0,False,3311,-211,1,0.0003020235578375113,0.00030197794527848996,0.000296797213578723,2.200261259605056e-06,-5.226344258788299e-06,5.226344258788299e-06
2212,proton,6,6.0,7.0,False,3311,-11,5,0.0015101177891875567,0.0006748350880688529,0.0034183964209634917,2.9000241270486666e-05,0.001908278631775935,0.001908278631775935
2212,proton,6,6.0,7.0,False,3311,11,0,0.0,0.0,1.972353571711594e-05,1.0378784465376526e-07,1.972353571711594e-05,1.972353571711594e-05
2212,proton,6,6.0,7.0,False,3311,22,420,0.12684989429175475,0.00578375542555956,0.11713109619031419,0.0034800544929595714,-0.009718798101440565,0.009718798101440565
2212,proton,6,6.0,7.0,False,3311,45,254,0.07671398369072788,0.004625149834628006,0.07546389142279142,0.0006724430620472595,-0.001250092267936459,0.001250092267936459
2212,proton,6,6.0,7.0,False,3311,211,30,0.009060706735125339,0.00164673975960866,0.011520838325509052,7.76114212182759e-05,0.0024601315903837132,0.0024601315903837132
2212,proton,6,6.0,7.0,False,3311,321,228,0.06886137118695258,0.004400635670605763,0.0668456623929947,0.0005878253544682483,-0.0020157087939578766,0.0020157087939578766
2212,proton,6,6.0,7.0,False,3311,2112,341,0.10299003322259136,0.0052822219190520985,0.10641911194140946,0.0034559091948771024,0.0034290787188181043,0.0034290787188181043
2212,proton,6,6.0,7.0,False,3311,2212,2032,0.613711869525823,0.008461714205024238,0.6187192707163474,0.005397152027492242,0.005007401190524341,0.005007401190524341
2212,proton,6,6.0,7.0,False,3311,OTHER,0,0.0,0.0,6.318478001516926e-08,9.103153544464577e-10,6.318478001516926e-08,6.318478001516926e-08
