number,state,objective_joint_nll,hidden_width,hidden_layers,pid_embedding_dim,mixture_components,dropout,epochs,batch_size,learning_rate,weight_decay,pid_loss_weight,lr_schedule,trainable_parameters,best_epoch,epochs_run,train_seconds,validation_residual_nll,validation_pid_cross_entropy,validation_pid_accuracy,moment_closure_error,pid_closure_tv,pid_closure_tv_max,pid_marginal_discrepancy,worker,closure_composite
47,COMPLETE,-4.700069434992834,768,3,32,12,0.1118457813985444,70,4096,0.0037664339889027605,0.0009089308135638061,0.07817881764917994,none,1288128,70,70,199.5204379200004,-5.536961744927185,0.8368923099343509,0.7050163576881134,0.04854434627093171,0.029588976796299873,0.052445747086453276,0.011266994037608336,gpu0,2.9553446145675393
65,COMPLETE,-4.499638579736421,128,3,32,24,0.12776615515655096,70,4096,0.0029635861196920673,6.168145726946736e-05,0.469466884949278,none,61844,60,70,195.96295869798632,-5.48426781639786,0.9846292366614401,0.6793642437232855,0.023319939560816443,0.02062457747156949,0.0405091320822457,0.008142743943518438,gpu0,1.7261162933020062
42,COMPLETE,-4.464554888753934,768,4,8,12,0.14582063782897656,70,4096,0.0027346998696803743,0.0002011446196592051,0.0551430855392176,cosine,1861752,70,70,220.25691280298634,-5.447804310075586,0.9832494213216519,0.6801476579049625,0.009352350125674015,0.014777131142812325,0.03379766073273097,0.0023368026399414044,gpu0,1.0032185247743957
82,COMPLETE,-4.453389209544533,768,3,32,16,0.14820726146156393,70,4096,0.002699413920106046,0.000430566436522363,0.056719930738095524,none,1309660,55,65,184.5968105949578,-5.439724944605789,0.9863357350612557,0.6795083919327142,0.033410663720151654,0.024775618286892908,0.05525080996549837,0.010394903134761158,gpu0,2.2448579997404625
43,COMPLETE,-4.4514296130187345,128,6,8,12,0.12115051801923765,70,4096,0.0027561961611887583,9.767473161683951e-05,0.22015340403458156,cosine,98168,70,70,244.00470817298628,-5.435647771385357,0.9842181583666225,0.679734015217037,0.017956851797798174,0.01609854591575951,0.038170431959298104,0.003005685963610838,gpu1,1.3395274385422655
51,COMPLETE,-4.418626283301254,768,3,32,12,0.11121440298168596,70,4096,0.00282808570837119,0.00011743324028374106,0.10862858790791219,none,1288128,55,65,186.04863157495856,-5.404632615613346,0.9860063323120918,0.6792451647676707,0.03590327351821797,0.030067893457348602,0.06226184882347831,0.014618681978640857,gpu0,2.5769502791550227
83,COMPLETE,-4.416580316884559,768,3,32,12,0.09837668568171451,70,4096,0.002814958495254056,0.00019187948769888003,0.050688229024110625,none,1288128,53,63,180.64479878701968,-5.401222826683562,0.984642509799003,0.6796400055152358,0.02410481218975304,0.02092095087080539,0.05672962998037653,0.007409093666615185,gpu1,1.7651981218580048
55,COMPLETE,-4.4083773400301824,768,3,32,12,0.11470306506593916,70,4096,0.002765203990730725,0.0008675231564817782,0.3313341525097213,none,1288128,33,43,122.69606043200474,-5.3923407310777804,0.9839633910475979,0.6797402825304905,0.034827050622271996,0.017218670869230675,0.04289013571123834,0.004943426014596186,gpu0,1.9286063268914855
88,COMPLETE,-4.40765155754136,768,3,32,16,0.14827439498509465,70,4096,0.003998049792977072,0.0007603748045339321,0.06675205872098186,none,1309660,68,70,197.32907768600853,-5.398197154838357,0.9905455972969963,0.6794081149174594,0.03498998138547134,0.02390403942537316,0.05855332268761072,0.006921161908138657,gpu0,2.2533322642184124
54,COMPLETE,-4.403786738543238,768,3,32,12,0.09932933721928427,70,4096,0.0038789049955009203,0.0003768882863034873,0.06811577254685586,none,1288128,44,54,153.59633013501298,-5.397728307611847,0.9939415690686085,0.6793141052156583,0.034846330029995945,0.03350279569538487,0.07971799301833965,0.009858431529460254,gpu1,2.7075828138863303
37,COMPLETE,-4.392616970473436,384,3,32,8,0.06885406445511748,70,4096,0.003955996614810114,7.274509524913598e-05,0.5390004668747641,cosine,338468,69,70,194.88826201600023,-5.372324243112632,0.9797072726391959,0.6801664598453228,0.016859941694893275,0.009709830831425384,0.025276765330235686,0.0014537002229492169,gpu1,0.9993324130372433
52,COMPLETE,-4.392144038118398,768,3,32,12,0.12988901075645023,70,4096,0.0032250725921018028,0.00031466357151575596,0.06804151394101944,none,1288128,61,70,199.74299585801782,-5.384725912113458,0.9925818739950595,0.6789317990949999,0.028625005059472977,0.028250774157947963,0.07653489597769314,0.010376278994864263,gpu1,2.2590479677213
61,COMPLETE,-4.389352318205925,1024,3,16,12,0.09422825920371664,70,4096,0.003082061389660332,1.189952420117321e-05,0.12468356514099323,none,2225296,38,48,150.70467917103088,-5.378282635683438,0.9889303174775127,0.6791260858120558,0.017395612207962555,0.02443580511246003,0.05487508560084035,0.006902473726252745,gpu0,1.7202235414610922
81,COMPLETE,-4.387900764570341,768,4,16,12,0.09285228516112314,70,4096,0.0032565218990033337,8.692691963709212e-05,0.07504619290499165,none,1867920,32,42,132.63625742297154,-5.373778240330952,0.9858774757606104,0.6795459958134347,0.035157428358404616,0.018795897340715996,0.04684954769148,0.0015255336380203266,gpu1,2.0144838509412337
41,COMPLETE,-4.374768168081184,768,6,8,8,0.14181331057099705,70,4096,0.002958454985358802,0.00014951169938564305,0.39749949030707654,cosine,3024476,70,70,291.8728996179998,-5.354462882022697,0.979694713941513,0.679990975068627,0.015551602883567196,0.010178663777659597,0.02589271420565896,0.001676308670024107,gpu1,0.9802094277290139
39,COMPLETE,-4.371503145261342,768,3,8,8,0.13217878180365025,70,4096,0.002379826669720757,4.7744457147600606e-05,0.061753975253661546,cosine,1248092,69,70,198.18686808896018,-5.3548775025020365,0.9833743572406946,0.6797402825304905,0.016903468037287112,0.0129795649050869,0.029141679675558484,0.0020112718725006085,gpu1,1.1570040763183334
36,COMPLETE,-4.357034222418388,768,3,8,8,0.12338334356004757,70,4096,0.003970792636831386,3.438389257561997e-05,0.09045172155130143,cosine,1248092,70,70,200.04774541198276,-5.3424751008196,0.9854408784012115,0.6797089459632234,0.021584892988340848,0.015393925048374635,0.0437773032440813,0.0018072451734344464,gpu0,1.4210180753314388
33,COMPLETE,-4.346733206866847,384,3,32,8,0.11875276759389711,70,4096,0.0024936138523872445,5.934623117925688e-06,0.271715120588782,cosine,338468,70,70,195.43691668502288,-5.328359564182763,0.9816263573159159,0.6797966883515713,0.017031780186802094,0.011417509223474833,0.025377190362683034,0.002138857740391159,gpu1,1.0864126369429243
38,COMPLETE,-4.331819597213165,768,3,8,8,0.0806649165098392,70,4096,0.0035796686258220277,5.3578891953427155e-05,0.05096898577725545,cosine,1248092,32,42,118.89172446297016,-5.329318890465025,0.9974992932518603,0.6792890359618446,0.025724587838180532,0.0328392403046361,0.07069719466344472,0.005232366480807493,gpu0,2.386299299893171
30,COMPLETE,-4.315313838913811,384,3,32,8,0.11310538882574991,70,4096,0.0031217357000273703,8.862548497245935e-06,0.13633929180060486,cosine,338468,68,70,194.22920557600446,-5.297406446395968,0.9820926074821567,0.6801163213376954,0.03150140009651786,0.011697213310743686,0.03204832940797049,0.001304420390109251,gpu1,1.5591148023327575
5,COMPLETE,-4.312677731342617,384,3,32,8,0.07738282631838735,100,16384,0.0034550382023869914,6.517371412871644e-06,0.497551726801176,cosine,338468,99,100,79.35554697399493,-5.296281418259856,0.9836036869172389,0.6796462728286893,0.02577248983555966,0.012959295170778368,0.031113584827385365,0.001239177781570816,gpu1,1.4375789374489876
7,COMPLETE,-4.146484461131211,256,5,32,8,0.07484065866488507,40,8192,0.003751996595907619,1.8260668822976617e-05,0.157087531699094,none,292772,38,40,66.16635758400662,-5.136356330838063,0.9898718697068524,0.6790759473044284,0.03733386164108439,0.025962021426459484,0.051158871965466056,0.006867634367404285,gpu1,2.4261072835467767
8,COMPLETE,-4.130500194206178,128,8,16,5,0.12446174167080268,100,4096,0.0011033424655280545,2.4542458549435938e-08,0.10256966392922702,none,126431,66,76,295.891058311041,-5.118981765821233,0.9884815716150553,0.6792639667080309,0.04420698472414134,0.021963127969547528,0.05687165103456471,0.003831316727627182,gpu1,2.453148962457826
4,COMPLETE,-3.9797488651516626,768,8,16,8,0.1478147746691324,70,8192,0.0004887207179206297,0.00015909602486793555,5.689191268792717,cosine,4214900,37,47,218.33294227102306,-4.962542073754955,0.9827932086032924,0.6791448877524161,0.03216991463705968,0.01236517904761663,0.032634977879714866,0.0019004300848781686,gpu0,1.6122646202193884
12,COMPLETE,-3.8935808629329105,384,4,32,12,0.024665547056379442,100,4096,0.0008738424876005229,0.0006775413685722855,0.2852217311804802,none,497856,12,22,66.99642550997669,-4.895307687807621,1.0017268248747109,0.6773210995374722,0.034901497426780906,0.03009527100257244,0.06838606888853759,0.0061868152136185794,gpu0,2.5464578956188637
3,COMPLETE,-3.886745126434874,512,7,8,8,0.12066167136247964,40,16384,0.0007082324864521411,6.659582257461932e-08,1.774855978235781,cosine,1624668,40,40,83.54015508998418,-4.884439446005992,0.9976943195711175,0.6776532671505032,0.0627726155441773,0.028364837285742645,0.08113841431457455,0.0036789821567424774,gpu0,3.3485030135418943
2,COMPLETE,-3.656281566080899,1024,8,8,24,0.14520565372771704,100,16384,0.00040047466180537537,0.00019451283426872123,2.2875785707302216,none,7561420,31,41,306.15341144701233,-4.651231621761721,0.9949500556808223,0.6776908710312237,0.07427591497864708,0.024979806593508007,0.057681109501773575,0.0021372633161434174,gpu1,3.551869895575706
